customer_id,name,email,signup_date
1,Allison Hill,donaldgarcia@example.net,2025-03-10
2,Javier Johnson,jesseguzman@example.net,2023-09-18
3,Meredith Barnes,zlawrence@example.org,2023-07-20
4,Gina Moore,curtis61@example.com,2024-05-01
5,Renee Blair,dudleynicholas@example.net,2024-02-12
6,Lisa Hensley,janetwilliams@example.org,2024-02-06
7,Dr. Sharon James,xreid@example.org,2024-06-11
8,Michael Miles,lynchgeorge@example.net,2023-11-29
9,James Mayo,gabriellecameron@example.org,2023-11-04
10,Renee Morales,clarksherri@example.net,2024-03-16
11,Jonathan Wilkerson,ithomas@example.org,2025-04-04
12,Nicole Patterson,icox@example.net,2024-12-19
13,Anthony Rodriguez,laurahenderson@example.org,2024-07-03
14,Zachary Rice,frazierdanny@example.net,2024-01-02
15,Gina Carter,shawnmckay@example.net,2023-12-28
16,Pamela Romero,harrellkenneth@example.net,2025-01-10
17,Brittany Farmer,georgetracy@example.org,2024-05-30
18,Sandra Parker,allenashley@example.org,2023-03-27
19,Rose Spence,davidalvarez@example.net,2023-07-28
20,Shane Henderson,sarahcampos@example.net,2023-09-22
21,Jennifer Powers,samuel87@example.org,2023-12-04
22,George Chapman,briannasmith@example.net,2025-07-21
23,Austin Johnson,chad34@example.net,2024-12-07
24,Carlos Walls,esanchez@example.com,2023-09-05
25,Matthew Gomez,uowens@example.org,2025-09-25
26,Maria Brown,lauren13@example.org,2023-09-05
27,Brenda White,ewright@example.com,2025-03-17
28,Matthew Fernandez,novaksara@example.org,2023-07-30
29,John Hancock,martinaaron@example.com,2023-12-30
30,Rachel Mitchell,smoore@example.org,2023-02-12
31,Kimberly Adkins,williamsthomas@example.net,2023-07-16
32,Jordan York,larsonemma@example.org,2024-08-02
33,Steve Sanchez,harveyrobert@example.net,2025-04-10
34,Taylor Harris,john62@example.net,2025-08-12
35,Eugene Walton,smithchristine@example.net,2023-04-18
36,Daniel Baker,nicole35@example.com,2023-07-17
37,Joshua Turner,contrerasangela@example.net,2023-04-23
38,Brandy Wilson,newtoneric@example.com,2025-06-10
39,Grant Watts,william40@example.org,2025-07-26
40,Donald Smith,danagreen@example.net,2024-09-30
41,Jessica Smith,landryhannah@example.org,2025-03-10
42,Jacob Tran,tanderson@example.com,2023-01-14
43,Christine Wright,gomezanita@example.com,2025-07-05
44,Tammy Young,theresacochran@example.com,2022-12-22
45,Tim Patton,vpham@example.org,2024-01-02
46,Michael Reyes,garrisonjeffrey@example.com,2024-05-10
47,Robert Perez,kellerraymond@example.com,2023-03-01
48,Diana May,ifrazier@example.com,2022-12-26
49,Wesley White,benjamin96@example.com,2024-03-15
50,William Wilson,jonathanfletcher@example.org,2025-01-29
51,Kimberly Ball,michaeljones@example.net,2024-04-09
52,Mary Martinez,william65@example.com,2025-11-01
53,Cameron Fisher,lbyrd@example.net,2025-04-16
54,Joshua Smith,jason99@example.net,2024-03-28
55,Jeremy Lewis,yleon@example.net,2023-08-04
56,Diane Beck,clarence34@example.org,2023-09-19
57,Angel Riggs,gibsonolivia@example.net,2023-09-12
58,Janet Ross,dianasmith@example.org,2024-09-04
59,Robert Dominguez,pwilliams@example.org,2024-10-23
60,John Schmidt,stephanie79@example.net,2025-01-06
61,Terry Griffin,juliawells@example.com,2023-12-03
62,Destiny Strickland,rsims@example.com,2023-03-14
63,Cynthia Rogers,taylorjesse@example.net,2023-07-09
64,Amy Russell,nperry@example.com,2024-07-11
65,Lauren Dominguez,wwoods@example.com,2024-07-11
66,Tiffany Barnes,tracynelson@example.com,2022-12-29
67,Michael Yates,marycalhoun@example.net,2025-02-20
68,James Elliott,millerroy@example.com,2023-08-23
69,James Lewis,matthew64@example.com,2023-12-10
70,Julie Curry,cookemichael@example.net,2023-02-28
71,Marissa Webster,jamessmith@example.org,2023-11-19
72,Michael Elliott,stevenscott@example.com,2023-08-01
73,Tracey Higgins,tamirodriguez@example.org,2024-03-12
74,Susan Brooks,charlesvaughn@example.net,2023-11-26
75,Raymond Jefferson,hoganashlee@example.org,2024-05-06
76,Mary Jones,alexander67@example.org,2024-09-17
77,Madison Poole,ryangross@example.net,2024-01-07
78,Tamara Hampton,ugraham@example.net,2024-01-04
79,David Michael,nicole37@example.net,2025-06-19
80,Gabrielle Snyder,hunter35@example.com,2024-04-25
81,Kyle Beard,blackjames@example.org,2024-08-06
82,Peter Vaughn DDS,bwest@example.org,2024-02-14
83,Michael Torres,thomas85@example.com,2025-03-17
84,Michael Nelson,jerry35@example.org,2025-02-23
85,Melissa Lee,lhill@example.net,2025-05-29
86,Brian Lee,michaelturner@example.net,2025-02-20
87,Angel Brown,heidi27@example.org,2022-12-03
88,Julie Alexander,tammyking@example.com,2023-05-10
89,Jennifer Jones,hernandezlisa@example.com,2023-03-26
90,Bailey Duran DDS,kimberlyjames@example.com,2024-02-18
91,Wanda Torres,lynchjody@example.org,2025-07-12
92,Matthew Moore,andreamoore@example.com,2024-10-13
93,Julie Johnson,jasmine71@example.net,2023-11-11
94,Rachel Weber,ronaldstephens@example.net,2023-07-03
95,Samantha Jones,lauralarson@example.net,2024-02-05
96,John Torres,gbender@example.net,2024-12-20
97,Kyle Preston,cassandra01@example.org,2025-09-26
98,Laura Sampson,barbara27@example.net,2025-08-22
99,Donald Shea,fwalters@example.org,2024-11-13
100,Gary Santiago,marksteele@example.com,2025-09-08
101,Robin Pierce,qmiller@example.com,2023-05-13
102,Jennifer Robertson,sandovalamy@example.com,2023-02-06
103,Isaiah Avila,nwolf@example.com,2025-03-16
104,Dwayne Gilmore,omartinez@example.net,2023-11-20
105,Emily Smith,hdavis@example.com,2023-05-15
106,Brittany Cantu,william46@example.com,2024-11-16
107,Juan Reyes,michellehill@example.com,2024-04-24
108,Katie Hoover,jessica99@example.net,2024-12-13
109,Jill Washington,andrea86@example.com,2024-03-27
110,Veronica Allen,xhall@example.com,2023-01-20
111,John Mcintyre,qhughes@example.net,2023-07-08
112,Andrew Shaw MD,sawyerscott@example.net,2024-10-23
113,Charles Pitts,charlesharrington@example.com,2024-04-22
114,Jennifer Miller,melissa86@example.com,2025-07-14
115,Olivia Brennan,williamsonjimmy@example.net,2024-02-03
116,Nicole Hamilton MD,wallaceheather@example.org,2023-01-24
117,Anthony Howard,hthomas@example.com,2025-04-11
118,Catherine Thompson,pharvey@example.com,2025-05-07
119,Joel King,elizabeth74@example.net,2025-03-12
120,Jeremy Reed,danielle64@example.com,2024-02-26
121,James Webb,patrickhoward@example.com,2025-11-04
122,William Barrett,alan09@example.net,2024-12-24
123,Stephanie Parsons,catherinegomez@example.net,2023-09-05
124,Megan Le,courtneyberger@example.net,2023-01-14
125,Jeremiah Riley,christopherphillips@example.net,2024-08-20
126,Carlos Ryan,alyssa42@example.com,2024-12-01
127,Elizabeth Harrell,mcdonaldcharles@example.org,2025-09-29
128,Veronica Coffey,christopher60@example.com,2025-02-24
129,Jacob Curry,brenda51@example.net,2023-11-12
130,Manuel Hahn,rose31@example.net,2024-11-04
131,Elizabeth Ortiz,brandonjohnson@example.com,2023-05-13
132,Stephen Taylor,vwatson@example.net,2025-03-02
133,Patrick Moore,fpena@example.net,2024-08-08
134,Diana Vaughn,scottsampson@example.com,2023-04-17
135,Mrs. Stephanie Newman,sandersjames@example.org,2024-10-20
136,Daniel Fowler,williamsmatthew@example.org,2025-04-09
137,Ronald Spencer,lisahall@example.org,2025-05-27
138,Scott Thomas,amberlindsey@example.org,2025-09-05
139,Bonnie Howard,briannasmith@example.com,2023-02-03
140,Jason Wilson,alvarezkimberly@example.net,2025-05-24
141,Jonathan Dougherty,acostaregina@example.net,2025-02-01
142,Mason Johnson,bboone@example.net,2023-04-30
143,Theodore Jones Jr.,cameronhill@example.net,2025-05-11
144,Erika Vang,shawn96@example.org,2025-11-08
145,Matthew Rich,russellbeasley@example.com,2024-04-23
146,Jennifer Blair,ronald45@example.org,2025-10-15
147,Andrea Decker,reynoldsjulie@example.com,2023-06-04
148,Laurie Hoffman,elizabeth65@example.net,2024-09-01
149,Michelle Schmitt,michael98@example.org,2023-07-12
150,Courtney Rodriguez,danny49@example.org,2024-09-10
151,Vanessa Cardenas,lynchdiane@example.net,2024-01-03
152,Donald Farmer,michael22@example.net,2025-08-31
153,Charles Schultz,davisalyssa@example.com,2024-08-27
154,Christopher Collins,kimberly99@example.org,2023-02-03
155,Paul Williams,nelsonebony@example.com,2025-06-14
156,Donald Fischer,reeddaniel@example.net,2025-10-02
157,Kelsey Parker,randallgreene@example.org,2023-09-27
158,Daniel Taylor,keith10@example.com,2024-09-12
159,James Padilla,charles06@example.org,2024-10-28
160,Shannon Johnston,amckinney@example.com,2023-05-11
161,Vincent Jackson,xcollier@example.org,2024-09-22
162,Dana Chapman,fosterkyle@example.com,2023-10-24
163,Christopher Dixon,schmidtjames@example.com,2024-05-12
164,Sabrina Briggs,curtisscott@example.org,2025-06-06
165,Peter Jones,kmarshall@example.net,2024-10-11
166,Sonia Day,michelle52@example.com,2023-02-28
167,Mark Hogan,bellcharles@example.com,2024-10-16
168,Jacob Mitchell,gilbertwilliam@example.com,2025-05-03
169,Rebecca Huang,kstout@example.net,2023-09-02
170,John Hernandez,hayeslisa@example.com,2023-03-25
171,Carrie Wright,hritter@example.net,2025-06-18
172,Jake Campbell,rschroeder@example.net,2023-02-03
173,Maria Jones,grantpaul@example.com,2025-08-29
174,Lindsey Hernandez,aguilardonald@example.com,2024-03-09
175,Melissa Myers,collinsnicholas@example.com,2023-05-31
176,Sandra Rodgers,lucasrodney@example.com,2022-12-12
177,Christopher Lewis,ilee@example.org,2023-03-13
178,Richard Romero,stanleynancy@example.net,2023-06-05
179,Brittany White,jenniferwilliams@example.com,2025-09-29
180,Tracy Bishop,pyoung@example.com,2024-11-11
181,Cheyenne Gregory,smurray@example.com,2025-01-03
182,Tracy Montoya,moniquewilliams@example.com,2024-06-12
183,Ashley Singleton,mitchellkathryn@example.com,2024-10-11
184,Brittany Kim,lisawilkerson@example.org,2024-08-19
185,Jonathan Young,brooksanthony@example.org,2025-08-19
186,Charles Johnson,ihorton@example.net,2024-11-11
187,Aaron Miller,jason28@example.net,2025-06-16
188,Ashley Roberts,david36@example.net,2025-07-08
189,Brian Stein,chenbailey@example.net,2023-06-25
190,Aaron Gomez,qlopez@example.org,2025-02-04
191,Andrea Fox,myerstheodore@example.net,2024-07-06
192,Mrs. Alexis Kramer,john19@example.net,2024-04-13
193,Harold Morgan,mariacohen@example.net,2024-11-26
194,Robin Brown,mjohnson@example.org,2023-09-19
195,Emily Collins,ihays@example.com,2023-12-12
196,Matthew Mitchell,glennmartin@example.org,2024-06-07
197,James Gonzales,lmorgan@example.com,2025-10-24
198,Tim Stone PhD,mmiller@example.org,2025-03-10
199,Brian Murphy,kirk96@example.org,2025-10-20
200,Jeremy Acosta,christina64@example.net,2023-02-11
201,Mark Cox,stephaniethomas@example.net,2025-10-02
202,Amanda Jones,michael90@example.net,2023-07-10
203,Tiffany Watson,berryalyssa@example.com,2024-03-16
204,Danielle Wilson,victorhughes@example.net,2023-05-15
205,David Griffin,heather73@example.org,2023-06-12
206,Jodi Roach,zosborn@example.net,2024-03-24
207,Michelle Pierce,patricia22@example.com,2025-01-12
208,William Conner,kristyjohnson@example.net,2025-04-21
209,Robert Arnold,jonesraymond@example.net,2024-11-26
210,Patricia Morrow,martinezlogan@example.org,2024-10-13
211,Joseph Anderson,katrinaanderson@example.net,2023-02-08
212,Kelly Torres,marcusfletcher@example.com,2025-01-28
213,Sarah King,david49@example.net,2023-04-08
214,Caroline David,georgeweber@example.net,2024-04-21
215,Kristy Bryan,millerstacy@example.net,2023-12-30
216,Pamela Butler,jimenezcourtney@example.com,2025-08-07
217,Karen Ballard,eevans@example.net,2023-02-15
218,Jason Marshall,catherine55@example.net,2024-05-03
219,Bianca Wood,floressteven@example.com,2024-10-12
220,Brent Roberts,alin@example.org,2023-07-20
221,Taylor Griffith,kathrynjimenez@example.net,2024-11-08
222,Mr. Alexander Landry MD,jasongomez@example.org,2024-01-25
223,Stephen Pena MD,booneryan@example.com,2024-06-04
224,Holly Morales,michaelroberts@example.com,2025-01-05
225,Joshua Bryan,andersoncolin@example.com,2024-04-23
226,Holly Thomas,cporter@example.org,2023-06-14
227,Regina Stone,catherinerobertson@example.com,2025-06-23
228,James Jensen,brittney88@example.net,2024-12-13
229,Elizabeth Cabrera,mark16@example.net,2024-03-05
230,Molly Watts,carlsonjoseph@example.net,2025-04-30
231,Mikayla Silva,alexandriagriffith@example.com,2023-07-01
232,Dana Armstrong,leescott@example.com,2023-07-07
233,Damon Shaw,vsalas@example.net,2023-02-18
234,Kelly Hoffman,ufox@example.org,2024-10-28
235,Gloria Gomez,chelsea33@example.com,2025-03-29
236,Todd Hendrix,janet75@example.com,2024-05-08
237,Taylor Griffith,david86@example.com,2024-05-03
238,Regina Roberts,stephanie15@example.com,2025-08-29
239,John Harris,sarah42@example.org,2025-06-27
240,Cynthia Williams,danawilliams@example.com,2024-04-10
241,Ashlee Townsend,oconnelltiffany@example.org,2024-08-07
242,Shirley Alvarez,katelynmitchell@example.com,2025-08-13
243,Randy Pearson,amandasharp@example.org,2023-08-12
244,Ryan Peck,osbornrandy@example.com,2023-08-30
245,Tonya Howe,smithashley@example.org,2024-04-17
246,William Daniels,ismall@example.net,2024-11-10
247,Robert Rivera,twong@example.org,2022-12-05
248,Rachel Bradley,gregorychase@example.com,2024-09-08
249,Angie Caldwell,tinawoods@example.org,2022-11-24
250,David Molina,kevin90@example.com,2025-08-25
251,David Contreras,zparker@example.net,2025-01-02
252,Stacy Carrillo,fowlershelia@example.com,2025-06-25
253,Tyler Mendoza,madkins@example.com,2024-08-20
254,Susan Todd,kathleenbecker@example.net,2023-03-21
255,Kelsey Cox,brownamy@example.net,2023-09-24
256,Brittany Murphy,nwilson@example.net,2025-05-07
257,Steven Griffin Jr.,williambryant@example.org,2025-03-31
258,Robert Cummings,ascott@example.net,2023-10-18
259,Amber Cooper,weaverbrian@example.org,2024-11-16
260,Jason Mack,ybrooks@example.com,2024-06-22
261,Michael Stanley,desireebailey@example.org,2025-02-25
262,Cameron Irwin,avilatiffany@example.com,2025-09-25
263,Jessica Gray,johnreed@example.com,2023-09-02
264,Molly Rodriguez,bmendez@example.org,2023-09-30
265,Kirk Griffin,sanchezbradley@example.com,2023-11-13
266,Nicole Parsons,williamroberts@example.net,2025-04-26
267,Kyle Chambers,joel28@example.org,2024-08-17
268,Antonio Fry,conniesimmons@example.com,2023-01-25
269,Teresa Powers,heather62@example.com,2024-06-20
270,Joshua Allen,kevinzimmerman@example.com,2023-02-11
271,Tracy Grant,paulscott@example.com,2025-08-14
272,Jerry Watson,brettbennett@example.net,2025-06-07
273,Benjamin Ballard,timothybooth@example.com,2024-02-27
274,Alexis Giles,burgesskaren@example.org,2025-10-29
275,Christine Herman,kimberly67@example.net,2025-08-17
276,Dennis Hunt,zowens@example.net,2024-11-12
277,Erica Harris,robert93@example.net,2023-06-28
278,Juan Silva,mphillips@example.com,2023-11-06
279,Roy Porter,jonathan77@example.com,2023-08-02
280,Heather Taylor,iwhite@example.net,2023-02-13
281,Sara Jones,duranrobert@example.net,2023-11-08
282,Chris Robinson,nbrooks@example.net,2025-09-14
283,Susan Hopkins,smithandrea@example.org,2022-12-09
284,Denise Madden,shawheidi@example.com,2023-08-19
285,Brent Hernandez,christineking@example.com,2024-01-03
286,Angela Chung,scunningham@example.org,2024-02-22
287,Sarah Valdez,davisnicholas@example.net,2024-11-22
288,Adam Jackson,pbruce@example.com,2025-04-11
289,Valerie Jacobson,hallrachel@example.net,2025-04-12
290,Anthony Jones,rachel90@example.org,2024-03-16
291,Daniel Thomas,thickman@example.org,2025-04-08
292,Ruben Price,patrick21@example.net,2024-05-04
293,Jeffrey Roberson,cassie99@example.com,2024-04-04
294,Donald Riddle,jperez@example.com,2024-09-14
295,Kevin James,lauren11@example.com,2023-07-11
296,Richard Moore,gstewart@example.org,2022-11-22
297,Jill Juarez,andersonjacob@example.com,2025-03-28
298,Jennifer Johnson,angela99@example.com,2024-07-04
299,Jason Maxwell,ashleyjackson@example.com,2023-08-04
300,Eric Snyder,jacksonjoshua@example.com,2024-12-05
301,Heather Raymond,mwheeler@example.com,2023-04-29
302,Adam Foster,vbrock@example.com,2024-04-16
303,Rodney Curtis,kevinmorrison@example.net,2023-09-22
304,Christopher Sanders,kelly79@example.org,2024-04-03
305,Robert Long,frederickjames@example.net,2023-08-20
306,Krista Benton,nhahn@example.com,2024-02-09
307,Andrea Abbott,ichambers@example.net,2024-02-27
308,Matthew Espinoza,mjones@example.com,2025-05-06
309,Jonathon Knapp,ystephens@example.com,2025-11-07
310,Kimberly Little,rodriguezjohn@example.net,2024-05-18
311,Lonnie Hart,vrasmussen@example.com,2023-04-27
312,David Dixon,seanmyers@example.net,2025-05-16
313,Brittany Cuevas,agarcia@example.org,2023-05-13
314,Monica Bailey,stanley38@example.com,2024-05-08
315,Jeffrey Horton,carlos01@example.org,2024-04-29
316,Megan Martin,zacharyarnold@example.com,2025-04-01
317,Joel Salinas,jacobsandoval@example.com,2022-12-29
318,Sonya Cole,tprice@example.org,2023-09-29
319,Michael Flynn,lloydamanda@example.com,2024-04-03
320,Brian Lambert,orose@example.com,2025-05-29
321,James Wilson,megan92@example.net,2024-02-19
322,Leslie Powers,david41@example.org,2024-06-15
323,Kayla Barnes,baileyhenderson@example.com,2025-07-28
324,Tamara Arias,angelaburns@example.org,2023-08-31
325,Jerry Brown,stephanie72@example.org,2024-07-02
326,Kathy Simpson,cperry@example.com,2023-07-31
327,Andre Juarez,antonio38@example.com,2023-08-02
328,Krystal Barton,hdunn@example.net,2023-05-10
329,Joshua Ritter,wolfscott@example.org,2024-09-04
330,Ronald Potter,nancy07@example.com,2024-05-08
331,Angie Grimes,rowejoel@example.net,2025-05-15
332,Shannon Bishop,imartin@example.org,2023-10-01
333,Laura Patel,mariopadilla@example.com,2025-04-21
334,Scott Duke,taylorkaren@example.com,2023-02-14
335,Sharon Martinez DVM,dustinmorris@example.org,2025-09-29
336,Charles Chen,ebrooks@example.net,2023-04-07
337,Paul Neal,shawn75@example.net,2022-11-17
338,Sarah Davis,sreid@example.com,2023-02-20
339,Jennifer Donaldson,troymorris@example.com,2024-04-21
340,Bianca Phelps,patricia00@example.org,2025-07-13
341,Julia Martinez,scottsmith@example.com,2023-09-24
342,Susan Khan MD,clarence54@example.org,2024-06-13
343,Mariah Williams,jessica36@example.net,2023-04-04
344,April Woods,brittneystone@example.com,2022-11-28
345,Greg Martinez,ebenson@example.org,2023-11-04
346,Nicholas Garcia,michael42@example.com,2023-06-08
347,Megan Jones,bishopfrank@example.com,2023-10-10
348,Brittany Jenkins,fheath@example.org,2023-06-19
349,Leah Cruz,iedwards@example.org,2024-01-18
350,Danielle Burke,kimberly04@example.org,2025-01-26
351,Chelsea Myers,bowerslaura@example.org,2024-12-21
352,David Little,ricetiffany@example.com,2024-03-19
353,Scott Carroll,amy27@example.org,2022-12-09
354,Alexis Lewis,fryraymond@example.com,2025-07-17
355,Pamela Henderson,imiller@example.net,2025-06-27
356,Bradley Miller,terrimoore@example.com,2024-07-12
357,Pamela Santos,collinssamuel@example.org,2023-02-11
358,Tim Wilson,parkerjudith@example.net,2023-08-13
359,Michael Miles,tylerreed@example.net,2023-12-21
360,Cameron Norman,jessica10@example.com,2024-09-10
361,Austin Joseph,crawfordwilliam@example.org,2024-12-29
362,Carol Moore,shannonemily@example.org,2023-11-03
363,April Trevino,sanchezthomas@example.com,2023-07-05
364,Tyler Johnson,pwalker@example.com,2024-03-25
365,Blake Watson,whitelinda@example.org,2024-07-28
366,John Campbell,mark87@example.org,2024-06-09
367,Justin Torres,stevenvargas@example.com,2023-09-13
368,Kimberly Flynn,adamortiz@example.org,2025-03-04
369,Ryan Wiley,aaron64@example.org,2023-09-28
370,Cynthia Vasquez,kaufmandouglas@example.com,2023-04-07
371,David Bruce,xhaynes@example.com,2023-03-25
372,Kathy Walsh,kjones@example.org,2024-09-19
373,Bianca Carter,sara65@example.com,2024-10-17
374,Benjamin Harris,moorefrank@example.com,2024-03-15
375,Joshua Oconnell,shannonford@example.org,2023-04-03
376,Michael Mckenzie,lewismelissa@example.org,2023-04-04
377,Tracy Foster,byrdjorge@example.org,2023-01-01
378,Sarah Hawkins,codygarcia@example.org,2023-05-21
379,Ronald Haas,jamesmorales@example.net,2025-07-20
380,Angela Willis,johnsoncaleb@example.net,2024-10-02
381,Anna Boone,david70@example.org,2025-04-23
382,Nathaniel Crawford,lvega@example.com,2023-10-13
383,Denise Griffin,austinharvey@example.org,2025-08-15
384,Jason Pierce,millerpatrick@example.com,2023-09-19
385,Rebecca Wright,mayokimberly@example.com,2024-11-28
386,Kari Durham,paul20@example.com,2025-05-29
387,Steven Osborne,stokesthomas@example.com,2025-05-09
388,Dr. Ariel Sandoval MD,gallagherstacie@example.net,2024-07-09
389,Ryan Bruce,joelstewart@example.net,2025-11-01
390,Kevin Warner,stacey92@example.net,2023-09-02
391,Rita Waller,gregory01@example.org,2023-11-10
392,Alicia Woods,samantha32@example.com,2023-08-16
393,Sarah Morris,hernandezjanet@example.org,2023-05-05
394,Shannon Yu,janet69@example.org,2024-04-19
395,Chad Moore,fconner@example.net,2024-03-20
396,Wayne Steele,jeffrey92@example.com,2024-03-04
397,Elizabeth Thompson,rushstacy@example.com,2025-04-13
398,Lance Mccall,daniellegarcia@example.com,2023-06-20
399,Blake Reed,gary15@example.com,2022-12-01
400,David Jones,kristin00@example.com,2024-09-24
401,Tracy Wilkerson,wmacias@example.net,2024-06-19
402,John Shields,franciscojones@example.org,2024-02-15
403,Dean Garcia,george62@example.net,2023-03-10
404,Stephanie Davis,bbush@example.net,2023-07-28
405,Jessica Brown,jamie36@example.net,2025-03-23
406,Monica Baker,kenneth10@example.com,2025-04-20
407,Katherine Brown,pattersonkelly@example.net,2025-07-12
408,Christina Johnson,daniellerowland@example.com,2023-05-12
409,James Burns,christopher86@example.org,2024-06-12
410,Jaclyn Griffin,scott43@example.com,2025-04-08
411,Paul Contreras,barnettlindsey@example.com,2025-05-18
412,Antonio Hughes,rsheppard@example.com,2025-04-21
413,Karen Miller,shawrachel@example.net,2025-10-01
414,Mrs. Tiffany Cole,teresastokes@example.org,2023-01-19
415,William Graham,maryscott@example.net,2023-02-26
416,Justin Arnold,april09@example.net,2025-02-02
417,Ashley Hernandez,buckleyanna@example.org,2024-02-01
418,Sheryl Humphrey,patrick79@example.net,2024-11-17
419,Donald Thomas,vwilliams@example.net,2023-11-18
420,John Adams,andrew44@example.com,2024-12-16
421,Melinda Compton,dennismccann@example.com,2024-03-26
422,Jason Brewer,scottmcintyre@example.com,2024-12-05
423,Sharon Nicholson,cameronmckinney@example.com,2023-06-12
424,Kelly Carroll,jameswhitaker@example.org,2023-12-06
425,Anthony Ward,joshuacolon@example.net,2024-07-22
426,Becky Johnson,tracy72@example.com,2025-05-13
427,Hailey Monroe,kaitlyn14@example.org,2024-07-06
428,Scott Chan,mercedesholland@example.net,2023-10-01
429,Jason Smith,wellsdavid@example.org,2025-06-04
430,Courtney Franklin,jennifer46@example.com,2024-05-08
431,Daniel Turner,asilva@example.net,2025-09-07
432,Sara Hoffman,kenneth17@example.org,2024-04-19
433,Margaret Hensley MD,jacob83@example.org,2025-06-03
434,Francisco Taylor,rioswhitney@example.com,2024-08-25
435,Norman Aguilar,matthewreeves@example.net,2025-02-21
436,Karen Shepard,william28@example.org,2024-02-13
437,Carl Green,staceylam@example.net,2023-04-01
438,Daniel Savage,vfrench@example.com,2023-12-23
439,Julie Wilson,delacruzbrandy@example.net,2023-03-04
440,Cory Wilson,amoreno@example.org,2023-07-06
441,Curtis Ortiz,tthomas@example.org,2023-03-19
442,Mr. Christopher Walters,hayesjason@example.org,2025-04-27
443,Katherine Gallagher,andersonryan@example.com,2024-08-01
444,John Smith,jessicadodson@example.com,2025-02-15
445,Michael Sims,jeremywiley@example.com,2023-06-02
446,Jonathan Torres,colonkenneth@example.com,2024-10-22
447,Linda Morgan,matthewvalenzuela@example.com,2023-09-02
448,Terry Burnett,perezjessica@example.org,2023-10-08
449,Leah Jackson,jennifer06@example.net,2023-12-16
450,Lisa Wheeler,stanleydesiree@example.org,2023-01-27
451,Jennifer James,thomas23@example.net,2025-10-14
452,Elizabeth Stanley,cindy26@example.org,2025-01-16
453,Autumn Wilson,jimenezchelsea@example.com,2025-02-03
454,Heather Ortiz,benjamincrawford@example.org,2025-10-18
455,Erin Smith,meadowsmary@example.net,2024-12-20
456,Brandon Hunt,conwaydawn@example.com,2024-02-16
457,Anthony Li,phelpsmichael@example.net,2024-03-13
458,Brian York,smithdevon@example.net,2023-08-05
459,Steven Friedman,natalie15@example.com,2023-08-25
460,James Bryant,evaughn@example.com,2025-08-17
461,Carol Anderson,jarvismegan@example.org,2024-08-21
462,Karen Carroll,ywhite@example.com,2025-06-20
463,Michael Roberson,timothyfreeman@example.com,2024-09-28
464,Dennis Edwards,tiffanysantiago@example.com,2025-01-28
465,Mercedes Davis,timothyalvarado@example.net,2024-07-03
466,Ronald Mcclain,smithsarah@example.net,2024-11-12
467,Sheila Jones,vflores@example.com,2023-01-31
468,Krista Gray,christianwallace@example.net,2024-10-10
469,Jonathan Stewart,bmcgee@example.org,2024-08-01
470,Justin Smith,connersylvia@example.net,2024-03-01
471,Kristina Pena,xclements@example.org,2023-10-26
472,Evelyn Saunders,xmoran@example.net,2024-10-16
473,Peter Walker,michael48@example.net,2024-06-16
474,Amber Martin,lydianewton@example.com,2023-04-29
475,Craig Martinez,ylewis@example.org,2024-04-21
476,Jason House,bartonshannon@example.net,2025-05-17
477,Brandy Porter,tranryan@example.net,2024-12-03
478,Priscilla Kent,jessicaanderson@example.com,2025-08-31
479,Sonya Gordon,mbarnes@example.net,2023-12-04
480,Victor Waller,iballard@example.com,2025-06-06
481,Nicole Evans,jennifer83@example.org,2023-10-05
482,Donna Reed,tinasantos@example.org,2025-01-04
483,Mallory Page,anna99@example.net,2024-08-23
484,Stephanie Ferguson,hstokes@example.org,2022-12-23
485,Anthony Brown,karen24@example.net,2023-12-08
486,Antonio Mueller,karenjohnson@example.com,2023-04-22
487,Megan Hoffman,juliahoffman@example.org,2025-01-15
488,Rebecca Roberts,housepaul@example.net,2024-03-13
489,Amy Manning,christinenorman@example.com,2023-10-30
490,Michele Holland,kimberlybrandt@example.com,2024-10-11
491,Michael Lopez,jillwilson@example.org,2024-09-09
492,Dennis Martin,adam72@example.org,2023-07-10
493,Linda Ayala,tracy98@example.com,2023-03-07
494,Emily Robinson,abigailhartman@example.org,2024-08-21
495,Jennifer Bailey,elizabethrivera@example.com,2023-10-19
496,Lisa Wells,wilsonmichael@example.org,2025-08-07
497,Lisa Haley,patrick16@example.com,2025-03-02
498,Allison Black,willie87@example.com,2023-01-21
499,Matthew Flores,vaughangary@example.net,2025-02-19
500,Austin Santiago,michellecoleman@example.org,2023-09-29
501,Michele Cherry,elucas@example.net,2025-10-14
502,Joe Rivera,jonesgregory@example.com,2025-03-29
503,Roberto Bartlett,ohughes@example.com,2024-09-16
504,James Wilson,maychristine@example.net,2025-05-11
505,Ryan Howard,robertsgina@example.net,2023-03-28
506,Timothy James,wellsamanda@example.org,2024-07-13
507,Sarah Phillips,kennetheaton@example.net,2025-08-16
508,Travis Spencer,davidsmith@example.net,2024-07-18
509,Theresa Torres,jason82@example.org,2023-08-26
510,Ruben Lee,emilybradley@example.org,2025-03-15
511,Joshua Roberts,kingjames@example.net,2024-12-09
512,Heather Lambert,craigharvey@example.org,2024-03-21
513,Mr. Matthew Steele,arianadiaz@example.com,2024-09-09
514,Erik Floyd,xhill@example.org,2025-10-04
515,Sherry Ford,kim78@example.org,2023-08-14
516,Angela Ramirez,patriciagonzalez@example.net,2025-07-14
517,Bernard Smith,hessbeth@example.net,2023-10-10
518,Kristen Stephens,jvaldez@example.com,2024-07-15
519,Raymond Quinn,dennis88@example.org,2024-07-22
520,Adam Allen,katherinetaylor@example.org,2023-08-19
521,Krystal Brennan,jillwebb@example.com,2023-01-15
522,John Brown,jim38@example.com,2024-07-08
523,Jesse Williams,dakota84@example.net,2023-12-28
524,Laura Bennett,pdiaz@example.org,2025-01-24
525,William Walker,wgomez@example.com,2024-12-01
526,Adriana Macias,emartin@example.net,2025-08-09
527,Chris Moore,guerrerorobert@example.com,2023-05-09
528,Mr. Daniel Martin,cjohnson@example.org,2025-04-22
529,Brandy Hunt,brianscott@example.org,2025-01-24
530,Linda Elliott,johnsjessica@example.com,2023-03-27
531,Lawrence Ruiz,ajackson@example.net,2023-06-23
532,Samantha White,gary57@example.net,2025-05-19
533,James Anderson,harrismichele@example.net,2025-10-12
534,Chase Davis,mvalenzuela@example.org,2025-02-16
535,Autumn Olson,rachelryan@example.org,2025-10-03
536,Kelly Wood,wolferoy@example.com,2024-06-28
537,Robert Velez,colemanjonathan@example.org,2023-03-24
538,Shawn Ortiz,adammanning@example.org,2025-04-29
539,Kelly Brooks,gwendolynstewart@example.com,2023-04-28
540,Matthew King,ncunningham@example.com,2025-10-06
541,Dalton Arnold,jwhite@example.net,2024-12-04
542,Eric Cooper,qfitzgerald@example.org,2023-11-05
543,Michael Martin,williamhartman@example.net,2025-06-24
544,Michelle Martin,brockmadeline@example.com,2025-06-03
545,Austin Walker,lynchjenny@example.com,2025-06-24
546,Donna Stuart,bautistalori@example.net,2024-12-20
547,Dakota Sandoval,james98@example.net,2025-11-03
548,Christopher Johnson,dianacantrell@example.org,2024-01-16
549,Heather Foster,aprilmclaughlin@example.org,2023-04-03
550,Molly Hansen,michael43@example.net,2023-09-12
551,Jared Smith,richardrodriguez@example.org,2025-01-03
552,Travis Pratt,nancy94@example.net,2024-10-01
553,Kristine Carrillo,susan77@example.net,2022-12-26
554,Mr. James Kramer,ericahall@example.com,2024-08-15
555,Kelli Smith,john16@example.net,2024-04-28
556,Timothy Woods,jeffery94@example.org,2025-10-10
557,Cheryl Mclaughlin,jillsalas@example.org,2023-11-05
558,David Montgomery,kimberlywilson@example.org,2025-09-28
559,Katherine Smith,charlesnathan@example.com,2024-12-17
560,Sierra Andrews,travis84@example.com,2023-10-25
561,Bethany Fox,imendoza@example.org,2025-01-02
562,Scott Parsons,sbray@example.net,2024-10-28
563,Adam Craig,ucarpenter@example.com,2025-06-22
564,Chelsea Baker,thomas95@example.com,2023-08-26
565,Mr. Michael Watson PhD,shannon92@example.net,2025-10-14
566,Brett Nelson,angelachase@example.org,2023-06-28
567,Nancy Kennedy,thompsonvictor@example.net,2025-01-25
568,Emily Tucker,anna90@example.com,2023-04-16
569,Amy Cervantes,gcombs@example.com,2024-04-16
570,Isaac Grant,maurice61@example.com,2025-10-04
571,Christina Johnston,tiffanymitchell@example.com,2025-09-24
572,Patricia Griffin,jamesjustin@example.net,2023-06-27
573,Margaret Mcfarland,kwelch@example.com,2023-03-04
574,Greg Edwards,jennifer96@example.com,2024-10-05
575,Teresa Adkins,lgutierrez@example.org,2023-05-27
576,Mary Shepard,clarkrandy@example.org,2023-02-21
577,Kara Brown,fwarren@example.org,2023-12-26
578,Angela Huynh,pparker@example.net,2024-01-29
579,Cameron Rose,anthonyalvarado@example.com,2024-11-22
580,Seth Donovan,staylor@example.net,2023-08-16
581,Joyce Curry,omills@example.net,2024-03-09
582,Karen Perez,ramosmichael@example.com,2023-07-13
583,Aaron Ochoa,mauriceharrison@example.org,2025-10-17
584,Theresa Woods,cannonlauren@example.net,2023-11-08
585,Kimberly Lopez,kfoster@example.net,2025-08-13
586,James Baker,hgarrett@example.net,2025-10-26
587,Dominique Paul,robert12@example.org,2024-02-06
588,Jesse Chavez,blopez@example.org,2023-01-30
589,Alison Compton,joseph70@example.org,2023-04-03
590,Johnny Peterson,kristi75@example.com,2025-10-31
591,Erin Bridges,brianrowe@example.org,2025-03-06
592,Corey Skinner,hclayton@example.net,2023-12-05
593,William Wright,gonzalezjill@example.org,2025-01-31
594,Christine Price,sharon20@example.net,2025-03-16
595,Dawn Little,michaelwilliams@example.net,2023-10-18
596,Cynthia Hamilton,jacksonjoshua@example.org,2024-07-20
597,Alexa Williams,jbarker@example.com,2023-04-02
598,Jonathan Parks,sarah00@example.com,2025-08-11
599,Joshua Rodriguez,jhall@example.net,2024-05-06
600,Jessica Lee,ihoward@example.com,2023-01-14
601,Mr. Edward Terry,ashleystephens@example.com,2024-11-10
602,Ronald Rocha,caseymoore@example.com,2023-12-28
603,Jordan Parsons,bgross@example.net,2024-06-01
604,Cynthia Le,rlee@example.com,2025-03-19
605,Douglas Ortiz,daniel81@example.org,2023-06-03
606,Andre Rodriguez,coreyduncan@example.com,2025-09-01
607,Marcus Garza Jr.,catherinejones@example.org,2025-08-28
608,Steve Miller PhD,wardjulia@example.com,2024-06-09
609,Amy Jensen,navarromary@example.org,2023-10-15
610,Anne Hardy,hlopez@example.net,2023-12-05
611,Theresa Hansen,xreese@example.net,2025-04-27
612,Jimmy Ortega,jacksonhenry@example.com,2025-01-06
613,Christopher Murillo,umahoney@example.net,2024-04-01
614,Jennifer Schultz,charlene98@example.org,2024-06-18
615,Tammy King,zwest@example.org,2023-01-06
616,Ms. Kelly Holder,adam33@example.com,2022-12-17
617,Terri Short,clintonstevens@example.org,2023-06-17
618,Steve Wright,lisa19@example.com,2025-04-16
619,Morgan Cummings,sthompson@example.net,2025-04-27
620,Anna May,crossbarbara@example.org,2023-02-08
621,Felicia Hobbs,hbutler@example.org,2025-08-24
622,Tanya Walters,hbrown@example.org,2024-03-24
623,Brittany Shaw,ericnunez@example.com,2024-10-06
624,Laura Davis,zroberts@example.org,2023-06-07
625,John Mcgee,zbaker@example.net,2024-09-18
626,Bianca Taylor,tonypearson@example.org,2025-04-03
627,Nancy Sanchez,adamsrussell@example.net,2025-04-26
628,Michael Henderson,james59@example.net,2022-12-21
629,Caroline Bailey,chanson@example.org,2023-11-11
630,James Todd,rodriguezbrian@example.net,2023-07-01
631,Samantha Smith,torresthomas@example.com,2023-10-04
632,Christy Payne,ana92@example.net,2025-11-03
633,Jamie Escobar,scottbrian@example.org,2025-10-31
634,Amy Pena,jonesdonna@example.net,2025-09-04
635,Brian Carter,yhall@example.net,2023-04-17
636,Kari Harper,lopezvincent@example.com,2025-04-02
637,Alison Wright,matthew62@example.org,2024-05-05
638,Heather Turner,lisa46@example.org,2025-03-25
639,Courtney Peterson,fsandoval@example.net,2024-06-29
640,Megan Salas,robertberry@example.com,2024-03-13
641,Erin Daniels,denisecarpenter@example.net,2023-09-24
642,Ellen Thornton,russellstout@example.org,2025-08-29
643,Sylvia Stewart,whitemary@example.org,2022-12-29
644,Sheryl Gutierrez,vturner@example.net,2024-01-13
645,Cole Anderson,farmercheryl@example.com,2025-06-11
646,Crystal Hall,howardhailey@example.com,2023-06-10
647,Lisa Joseph,jack67@example.com,2023-06-15
648,Darrell Ortiz,schaeferstephanie@example.org,2025-09-21
649,Norma Jones DVM,fcamacho@example.net,2024-04-01
650,Stacy Patterson,franklinmadison@example.net,2024-03-14
651,Todd Armstrong,meyershannon@example.org,2023-11-30
652,Jennifer Moss,oblack@example.org,2023-09-04
653,James Torres,steven64@example.net,2023-02-06
654,Stephanie Ford,gdavis@example.org,2023-08-20
655,Teresa Horton,phillipmorris@example.org,2023-08-18
656,Steven Huang,udavis@example.net,2025-08-17
657,Rebecca Higgins,davisjasmin@example.net,2024-05-30
658,Michael Acosta,nicholasjames@example.org,2024-04-17
659,Mary Hernandez,haroldjoseph@example.com,2024-03-06
660,Randy Griffin,davidanderson@example.org,2022-11-19
661,Dawn Ellis,astephens@example.net,2024-12-19
662,Kevin Alvarez,mramos@example.net,2022-11-24
663,Joshua Harvey,brandonhernandez@example.net,2024-05-09
664,Scott Estrada,mark10@example.org,2024-08-22
665,Candace Mitchell DDS,tammycurry@example.com,2023-01-08
666,Edwin Richardson,wwilkins@example.com,2025-03-18
667,John Martinez,mark68@example.org,2025-10-29
668,Anthony Duncan,webbhaley@example.net,2024-02-03
669,Ryan Green,sara99@example.com,2025-01-29
670,Kathleen Morton,jeanettekrause@example.org,2023-05-16
671,Mario Wilson,laurenduarte@example.com,2023-01-23
672,Justin Walsh,davidsonhannah@example.com,2023-02-27
673,Jonathon Nguyen,wilsonmathew@example.com,2025-04-15
674,Alyssa Thompson,martha77@example.org,2025-08-12
675,Christopher Murray,steven60@example.net,2024-02-22
676,Megan Peters,clarkgina@example.com,2023-02-24
677,Diana Johnson,ksims@example.net,2025-06-11
678,Kurt Hancock,janet50@example.com,2024-08-17
679,Shawn Watson,javier42@example.org,2024-06-17
680,Paula Gentry,zhunter@example.com,2024-12-29
681,Gerald Webb,kimberly21@example.net,2025-09-30
682,Christine Johnson MD,cookpamela@example.org,2025-01-30
683,Nichole Johnson,danielle35@example.org,2023-09-09
684,Joseph Mejia,nelsoneric@example.org,2022-12-07
685,Kristin Garcia,andrea42@example.net,2024-01-28
686,Carolyn Collins,amber02@example.org,2024-11-14
687,Amber Reyes,simmonsharold@example.net,2025-05-22
688,Melissa Griffin,larry38@example.org,2024-11-06
689,Anna Lang,tdavis@example.net,2025-08-11
690,Julie Hall,douglashuang@example.com,2024-05-31
691,Michael Ortega,shawn01@example.com,2023-05-08
692,Joel Jackson,cassandra28@example.org,2024-08-05
693,Rebecca Nguyen,sparksamanda@example.com,2025-05-19
694,Marc Kelley,vreyes@example.org,2025-10-27
695,Rachel Graham,amy32@example.net,2025-09-19
696,Timothy Andrews,mwilson@example.com,2024-04-02
697,Samantha Thompson,gjones@example.net,2025-05-28
698,Jamie Snyder,davislisa@example.net,2025-07-29
699,Nicole Guerrero,yschmidt@example.net,2025-04-29
700,Daniel Rich,ashley46@example.net,2024-05-01
701,Lauren Carr DDS,melissabrown@example.net,2023-02-04
702,Justin Irwin,callahanmichelle@example.org,2024-09-14
703,Jennifer Flores,bsullivan@example.net,2023-10-08
704,Karen Lopez,xbridges@example.com,2023-07-11
705,Shane Martinez,jonesalfred@example.net,2024-12-09
706,Vanessa Taylor,dawnperry@example.com,2025-10-29
707,Jessica White,carnold@example.com,2024-05-18
708,Jeff Smith,pbradford@example.net,2025-01-01
709,Timothy Johnston,goodashley@example.net,2024-06-08
710,John Vaughn,jessicafox@example.com,2024-11-05
711,Kelly Bishop,thomasharmon@example.net,2023-03-15
712,Kimberly Riley,bergeramanda@example.org,2024-11-11
713,Taylor Berry,robert44@example.org,2023-01-07
714,Linda Torres,bryan79@example.org,2025-04-21
715,William Lamb,mitchellchristopher@example.net,2023-03-13
716,Diana Anderson,joshua40@example.net,2023-05-06
717,Susan Stevenson,lwood@example.com,2025-11-06
718,Christopher Rose,cooperchristopher@example.org,2025-05-27
719,Brittany Crawford,ptownsend@example.net,2024-09-27
720,Carol Lane,brian41@example.org,2023-08-01
721,John Alvarez,noahthornton@example.com,2023-12-26
722,Seth Smith,ureyes@example.net,2025-10-09
723,Anne Schmidt,stephanie69@example.net,2024-01-11
724,Derek Garcia,rmurray@example.net,2023-11-24
725,Leah Lee,erica25@example.net,2022-11-30
726,Sandra Smith,foxgina@example.com,2023-10-20
727,Darlene Johnson,brownbrooke@example.org,2025-06-02
728,Michelle Wilson,nicholasgallagher@example.net,2025-04-11
729,Cathy Rodriguez,jonowens@example.org,2025-08-02
730,Zachary Hammond,jonathan14@example.org,2024-06-30
731,Zachary Scott,gregory17@example.org,2025-06-19
732,Matthew Rodriguez,probinson@example.org,2024-09-29
733,Ashley Jones,kimberly07@example.org,2025-08-24
734,Tasha Ortega,edward56@example.net,2022-11-19
735,Teresa Henry,upowell@example.org,2025-03-02
736,James Norris,imartinez@example.com,2024-04-14
737,Jennifer Chen,diazmelissa@example.com,2023-03-18
738,Paige Roberts,gregorywilliams@example.com,2025-09-05
739,Michael Mosley,tom73@example.org,2023-01-08
740,Nathan Watkins,yprice@example.net,2025-08-09
741,Joseph Flowers,blevy@example.org,2024-04-24
742,Richard Williams,lewisdesiree@example.net,2024-10-26
743,Sheila Herrera,sandyjohnson@example.org,2024-12-12
744,Kaitlin Hardin,sanchezdeborah@example.org,2023-08-08
745,Summer Hoover,bryantgeorge@example.net,2023-02-21
746,Ashley Crawford,bryanharris@example.com,2025-10-02
747,Bryan Sutton,marcoconnell@example.org,2023-01-23
748,Gabriela Martinez,katherinejackson@example.com,2025-03-22
749,David Perkins,craigboone@example.net,2024-06-20
750,Alexis Tucker,smithsara@example.net,2025-08-22
751,Diane Steele,nschwartz@example.org,2025-08-03
752,Jerry Allen,cheryljohnson@example.org,2024-12-29
753,Anita Serrano,michael08@example.org,2023-09-08
754,Joseph Davis,michelle88@example.org,2024-11-04
755,Mary Hill,danielhernandez@example.com,2024-12-25
756,Michael Williams,justin64@example.com,2025-06-29
757,Olivia Williams,buckleygregory@example.org,2024-12-06
758,Andrea Young,uwatkins@example.com,2023-09-18
759,Stephanie Hall,nguyencorey@example.net,2024-08-15
760,Jaime Walker,drichards@example.com,2023-06-27
761,Leon Thompson,derek35@example.com,2023-09-24
762,Andrew Carroll,derek77@example.com,2023-08-06
763,Colleen Phillips,kristinelittle@example.net,2023-08-04
764,Kristen Hall,fvincent@example.org,2025-05-20
765,Joel Smith,pfitzgerald@example.org,2024-04-05
766,Daniel Pennington,robinvillanueva@example.com,2023-01-21
767,John Mack,simmonsphillip@example.net,2023-04-15
768,David Hansen,steelerichard@example.org,2023-06-08
769,David Duarte,castillokevin@example.net,2024-10-27
770,Nicole Johnson,iford@example.net,2024-08-04
771,Seth Sims,daltonchad@example.net,2024-04-14
772,Elizabeth Mullins,kristinmiller@example.com,2023-02-07
773,Susan Cox,rodriguezmichael@example.net,2023-01-16
774,Christopher Hansen,castrokim@example.org,2024-04-17
775,Brian Mendoza,karenhodges@example.com,2024-05-14
776,Kathy Henderson,brownmichael@example.com,2024-12-31
777,Barbara Mckinney,shannon51@example.org,2024-10-25
778,James White,rodriguezjoshua@example.net,2023-07-01
779,Shaun Meyer DDS,robert82@example.com,2024-05-05
780,Oscar Smith,bryanwiggins@example.org,2025-01-29
781,Jennifer Cooper,todd88@example.com,2024-10-25
782,Carlos Clarke,kristinaperez@example.com,2024-02-04
783,Amber Gomez,nhuber@example.org,2025-02-22
784,William Franco,evanwilson@example.com,2025-04-24
785,David Lopez,wadetiffany@example.org,2024-06-15
786,William Ferguson,knapprichard@example.com,2023-06-27
787,Tanya Moore,deborah47@example.com,2025-04-23
788,Rebecca Chandler,hmorgan@example.net,2024-11-27
789,Brenda Pierce,angel93@example.com,2024-05-22
790,Anthony Davidson,kimberlywang@example.org,2022-12-19
791,Samuel Rhodes,daughertypreston@example.com,2024-03-21
792,Kayla Brown,raymond65@example.com,2024-06-15
793,Gregory Parker,fsawyer@example.org,2024-10-04
794,Jennifer Ramos,lindawaller@example.com,2024-08-18
795,Kevin Miller,kevinmcneil@example.net,2024-04-18
796,Tyler Avila,smithdanielle@example.com,2024-08-18
797,Joel Bradley,jamescollier@example.com,2025-03-23
798,Rodney Turner MD,dhansen@example.org,2022-12-25
799,Brittany Evans,qmartinez@example.com,2024-08-23
800,Terry Newman,wilsonjoshua@example.org,2025-06-01
