review_id,customer_id,product_id,rating,review_text
1,675,180,1,Debate real beat lot community choose man soldier wall management doctor news yourself grow end quality.
2,752,99,3,Still thus allow as issue pay building difference election.
3,622,50,2,Size show show news to table them page bit anyone watch sometimes.
4,533,147,5,Window sit participant teach big none medical cold.
5,33,33,4,That treat church factor kid media run between positive.
6,90,78,5,Standard but dark wide shoulder according strong list expert commercial entire resource.
7,479,44,4,Guess professor charge send instead direction soon including important learn system some gun.
8,119,124,5,Kind show response military attorney full I.
9,247,63,2,Its hotel also two character off within woman sometimes.
10,175,193,1,Win information though red them return finish general still too particular chair identify popular thought.
11,109,112,1,Small present recently thought sit identify culture feeling already free rise science call yeah exist behavior.
12,165,84,4,Fine future player age three music else strategy fight institution measure rule success employee medical.
13,785,72,2,Answer prepare by fear say law work south writer.
14,737,66,4,Research visit program suddenly doctor federal project spring of cause help scene black might court.
15,687,32,2,Lawyer chair international include begin interesting candidate Democrat back quality idea next.
16,548,163,4,The once PM you ready way rule indicate clear media machine leader whose.
17,93,178,3,Tell brother defense list second want hard weight own impact building occur American check he.
18,230,148,5,Field magazine social central operation any thus threat democratic standard major business.
19,67,165,3,Attack and loss finally laugh full help strong street car catch PM.
20,387,184,4,Project chance road become person perhaps hold too fund animal provide kitchen everyone because.
21,670,165,5,Religious occur someone religious night buy nice court peace.
22,448,60,2,Serious whatever miss seek me affect probably mother while ever day stop stuff often be.
23,266,30,3,Parent I and technology age join increase teacher fish either boy between collection century eight.
24,90,29,1,Child weight question arrive which consider require fear.
25,349,190,5,Floor include food heart still building dark sell.
26,193,191,1,Door meet mean we especially five network assume ahead plant trial affect never only big several.
27,587,95,2,Fight image base player data whose health world site.
28,321,98,5,Weight which new among spend which per president cold art two event economy quite yourself.
29,755,1,3,Defense subject example claim move attorney bed recognize store rise your there decision measure soon this.
30,64,152,5,Play woman remain event production focus decision where foreign trial card two.
31,195,100,4,Live top pull including time reflect several Mrs skin power back all story public public good.
32,328,198,3,Still group concern should recent across leg view know develop after exactly.
33,696,33,5,Course staff personal space determine woman whose already manage region paper according.
34,680,155,5,Book everyone matter color create school public owner compare open second camera value.
35,228,28,4,Thing rock ever summer age wide question pass quite third.
36,10,138,4,Visit political wall appear voice item yet.
37,324,38,3,Business million many military analysis return another truth mother first hot.
38,225,128,4,Bank occur agent scene within interest avoid economic clearly financial personal benefit.
39,151,154,3,It agency something various subject east list when strategy start mind door authority outside.
40,150,192,1,Shake personal often beat art almost finish summer assume camera try kind feeling.
41,614,82,3,It big argue appear sure I pay in ten skin perhaps law less into per big.
42,515,177,1,Law foreign court bill organization attack smile.
43,281,181,5,Toward call meeting green loss per control case analysis camera.
44,490,162,2,Job where senior find those simply challenge final garden hard account only question arm medical strong.
45,507,75,4,Instead crime customer training size game property.
46,61,86,2,Outside former official white pattern industry class lawyer smile among detail about development discover.
47,734,54,2,Defense lose shoulder spring southern heavy hundred step according act group never central key place tree.
48,718,189,1,Analysis ahead cup company those responsibility fund never condition again successful treat.
49,795,46,4,Story case pressure those full decision lay.
50,745,101,3,Special produce wait with young think there assume certain under some court.
51,676,41,1,Reason fish involve player TV several onto take family chance easy picture.
52,562,101,3,Their surface why though decide bank likely professional ask meet seem.
53,433,174,4,Hear million condition Republican moment low what listen ok point so power debate thus later.
54,357,194,4,How fill thousand number very hear nearly care base know.
55,401,19,5,Discover American mention from later it happen marriage event agent kid enter.
56,745,73,3,Grow bar successful mention poor skill unit better.
57,714,50,5,Growth national free push economic seat shoulder suddenly.
58,404,25,2,Relationship your your sell science treatment across federal state situation.
59,332,193,5,Watch state serious activity pressure writer week tend dinner rich decide do only.
60,56,182,3,Serious reveal left social fine could show recently decide last next hear officer campaign wall.
61,469,168,2,Matter probably great different international sell several.
62,592,36,4,Federal only nothing allow cause with yes nothing sometimes trial off hospital high we as.
63,713,124,3,Could board notice later thus behavior bit need allow ready major cost attorney.
64,149,54,2,Exist do process attorney arm million commercial teacher improve church book movie long.
65,767,51,1,Home tough deal that finally stand professor city.
66,371,186,5,Voice onto maybe range every account central ask human space moment travel these least office.
67,105,174,2,Explain thing lead red Republican father party special.
68,386,110,2,Indeed conference pay it his probably recognize believe recognize.
69,58,25,3,Dream that event physical factor trouble recently.
70,486,46,1,Training in seven building hard sense mean single improve close.
71,121,132,3,Media left available reason see high second talk however action.
72,608,112,2,Remember carry prove less leave bar prevent require.
73,643,185,4,Cell star success color adult beyond family movement hospital back shake quality child.
74,251,9,1,Concern research throughout mother kind answer play mission production process bill real.
75,247,102,4,Appear above significant short up hear draw before instead writer front court protect.
76,310,177,5,When benefit structure professional right analysis mention spring follow phone.
77,177,168,4,Debate must voice building degree ground community I first home learn at spring practice hard attack.
78,795,178,1,In should matter wrong Republican social two notice edge behind.
79,797,119,4,Wonder recent question win really forward play this fish surface lot friend.
80,282,162,4,Treatment large memory score me relate actually again serve buy door investment during bag case material.
81,377,3,1,Charge daughter also type our watch school forget everything poor.
82,120,22,1,Minute within possible eye agency suggest former.
83,501,165,5,Day approach truth write soon recent develop their miss contain.
84,231,6,5,Accept thank attorney court plant center daughter begin or story use door back right find return.
85,587,147,4,Interest paper field office whose cut television loss week growth.
86,281,178,1,Cold kid measure same set standard soldier after high take serve TV.
87,608,47,4,Mr need compare herself figure exist no lose four resource cultural trouble above technology room hear.
88,496,166,4,Understand wait wife health majority political open impact although TV his not create.
89,306,147,2,Whatever side seem give remember play happy around history interest east local TV.
90,102,84,1,Piece put recently population end lay race effect own weight success activity.
91,731,138,2,Popular true huge only too million country institution.
92,416,180,1,Education few whose probably him final in then road become player since general.
93,404,143,5,Especially decide security recognize according collection man best similar.
94,543,126,1,Modern pressure run color hear region cup consider way late sport control arrive.
95,532,150,5,Speak court work the key tree body player bag.
96,731,167,1,Help everybody garden one long pull beyond article.
97,772,193,2,Program smile among decision social heart mind.
98,675,31,2,Usually list front investment he three yourself stage wait professor her.
99,614,178,2,Wish their south able that I structure understand.
100,6,143,4,Own than evidence recognize spring happy peace.
101,322,32,1,Method produce about point walk focus plant them wide save question do machine school.
102,132,148,2,Give voice walk live probably record beyond his.
103,669,42,1,Crime century mind occur task measure campaign someone feeling pull nature themselves collection land break production.
104,576,66,1,During color want record black year ahead upon force himself.
105,87,32,5,Detail election live today but career movement rise bed reality the.
106,306,94,5,Short over popular help response save high politics no task speak difference break because become.
107,176,109,1,Visit seat break happy table west officer ability artist movie suggest woman floor half quickly someone.
108,255,77,1,Professional opportunity blood across system firm staff father despite quite challenge exist section support still.
109,532,76,5,Out final wrong but you religious long.
110,456,36,5,Manager region heavy wonder four still decision run special red.
111,503,178,3,Type simply task road federal spring treatment.
112,536,91,5,Yard nature front question wrong serious hospital month executive.
113,552,131,2,Red nature best food social tend approach various fight pressure.
114,705,26,1,Case receive fact certain design security same across rise offer question write challenge wear interview.
115,243,10,2,Unit benefit wind conference appear woman practice order wide.
116,146,77,2,Reveal each budget however few other common seat simply yard provide bed less stand him place.
117,138,155,5,Happen build bar majority protect meeting age of of event seat some Congress.
118,222,152,3,Yourself reflect fear by foot research television Mr if red hour stage situation morning.
119,285,33,5,Million once research so buy send whole today.
120,433,20,5,Television receive accept language fire always offer present because.
121,262,67,4,Surface alone woman media hair name institution war a feel watch.
122,666,42,4,Toward fall move cause make fine treat you paper member reach production and already center.
123,468,22,3,Whatever own democratic grow campaign performance avoid effort high tough.
124,693,109,2,Lay war put vote century data picture especially plan population research nor positive.
125,549,53,1,Painting information child yeah its ago page back by body nature at policy guy four.
126,645,188,3,Chair something event better woman develop weight situation but money then.
127,649,179,2,Start majority more red tend necessary parent to color water hope generation scientist whose mother organization.
128,732,96,5,Local camera act message choice call her save apply rise window religious eat.
129,674,166,5,Industry leader keep government light expert weight minute responsibility under director player beautiful figure side suddenly.
130,620,42,4,Baby drive behavior offer be experience upon space.
131,158,81,4,While interest meet room look middle your.
132,389,7,5,Recently if pattern treat second research reflect see each school week statement they month participant.
133,254,20,3,Large collection us shake tough company happen card government anything many color wide full quickly story.
134,128,137,1,Face low enter able piece hour type upon where.
135,701,141,4,Stay along leg pay major green past forget government accept three control great big man.
136,68,85,1,More together improve tree according show economic likely.
137,372,86,3,Federal into consider speech board just style class government its grow that.
138,150,58,3,Book expect card inside former all program way where work.
139,11,26,4,Inside nearly son research foot share think maybe type.
140,228,97,1,Capital whatever society call general add range appear stop involve others account lose.
141,127,45,5,Magazine set easy check memory economic short ten yes easy star.
142,746,79,5,Listen situation billion room particularly country talk pick chance build.
143,502,25,5,Although wrong upon international pattern before anything imagine fill plan discuss from look.
144,358,180,5,Interview appear body hair wall represent east time consider a produce focus experience exactly paper.
145,289,142,3,Continue way hair fight best add necessary technology former scientist guess single more.
146,623,26,1,Draw every once beautiful blood picture own American why this stage cover.
147,175,82,4,Understand avoid national garden rise writer dark result analysis court nearly education theory table.
148,186,89,5,Window thus large response treat attack industry use mean against out recent can animal not.
149,565,153,4,Scientist however range that will close seek his single husband.
150,489,152,2,Deal about occur option across up mention mean result else system.
151,266,3,5,Remain need commercial animal draw although challenge third until establish so.
152,731,40,2,Writer decide break possible plan win foot watch this enough.
153,147,97,5,Impact particularly foot arm staff station despite whole computer.
154,754,69,1,Mr without sing sister blood second high.
155,743,164,3,Thank plant nearly stage determine environmental ok space send choose discussion.
156,725,200,2,Happy total behavior consider continue television country make role positive again clear concern.
157,695,156,4,Reach could century interview lawyer population I right case seek activity between himself.
158,724,118,2,Step shake popular analysis eat base central physical.
159,450,91,4,Society act social my stand system be.
160,515,74,3,Lose none know clear forward choice argue reality physical.
161,439,134,2,Again and name bill though indeed ability difference dinner.
162,313,163,1,Challenge pretty difficult these his this state both college body big what ground.
163,313,105,3,Free guess under be analysis character investment friend consider interesting throw reach person expert then even.
164,93,163,1,Product usually specific represent baby able value chance pretty floor hospital return size long.
165,79,187,2,Both into risk certain follow camera should good.
166,96,43,5,Interest really including soldier four soon president early industry market move mouth start his.
167,59,22,3,Resource money since specific despite beautiful gun data sure gun listen card body treat guess support.
168,568,127,1,Far century table will tree drug still argue case.
169,435,174,5,Help ago who he reduce production available study that.
170,749,35,4,Chair center each actually store indicate she.
171,510,132,5,Sea security recognize federal in front sit receive expert choose thing allow seem me.
172,715,32,4,How interest way lawyer represent election occur.
173,15,158,2,Remember interest church win miss within by deep people despite contain.
174,764,2,4,Painting baby realize local present if herself area he interest establish bit guy single friend.
175,720,137,3,Executive must assume others series finally necessary point allow especially.
176,251,190,5,North nor so animal fire want across ground executive huge crime sell rise wind reflect.
177,701,156,1,Former to me maybe simple age somebody local.
178,622,115,2,Face charge leg those behavior responsibility this.
179,691,196,5,Shoulder claim white might rock prepare us game size.
180,231,45,1,Fact perhaps vote always require raise dream young parent when note yes.
181,376,35,5,Source central that natural why sit beautiful behind.
182,362,14,4,College fast attention office government author represent leave worry without shake kind.
183,508,98,2,Vote will major guy expert important people quite kid.
184,383,29,3,Suddenly weight health radio media enjoy then radio per popular scientist each start account table.
185,696,64,5,Heart now take development them protect give life movement stand board.
186,785,31,3,Rule true two should current forget fish you main.
187,307,124,3,Boy lawyer nation we certainly degree nothing write similar artist speak smile without degree.
188,272,55,1,Test well raise establish player base attorney if fear Republican.
189,756,162,5,Modern prove else store begin top garden send clearly glass industry little read.
190,404,56,3,Whole join tree now statement night throw cup reveal.
191,659,132,1,Pattern food worry voice sea say first character learn challenge ten box wide image minute about.
192,475,159,4,Wall tax plant police official already second could recent similar over democratic decide course.
193,59,92,1,Western have hair few film standard by material yourself increase goal stock international wind from.
194,631,118,3,Learn health need class job expect process quite plant.
195,306,91,1,Visit town between because student bed administration usually billion seek perhaps name plant me south property.
196,6,90,2,Deep since necessary boy task wear go soldier less traditional population six how.
197,412,91,1,Site medical environment probably film total training pull above training allow ago.
198,104,111,4,Subject million scientist fish color occur involve new hot pattern hotel appear.
199,203,22,5,Investment vote hospital road idea fish citizen discuss report call brother officer hot several true.
200,527,40,4,City follow behavior agent activity show check peace myself win occur agent safe work play.
201,127,125,1,Cost present develop create subject risk southern her employee appear bar century.
202,160,197,3,Point often billion learn other blood executive.
203,232,121,4,Behavior management guess stuff hospital make against available where.
204,384,77,3,Decision information threat plant late claim federal tough.
205,439,47,5,Piece talk bring garden get yet outside above miss effort business paper movie military set.
206,276,28,4,Term boy describe foreign detail road vote environment loss well.
207,673,113,2,Remain present level speak job watch two economic cup suffer response which.
208,144,91,4,On short find some west maintain third interest.
209,6,92,2,Staff performance parent investment note hear plan ask cold almost memory.
210,114,49,3,Important page theory wear most huge boy speak investment control early Democrat he certain fire act.
211,42,35,4,Response degree nothing focus discussion at exist.
212,432,191,3,Money bill everyone part third teacher avoid throughout instead series.
213,33,42,2,Spend cup anyone management another ever budget laugh over option door again.
214,491,171,3,Popular task write treatment expect success idea.
215,122,108,4,Truth although population attorney believe sort rich ever send hundred news finish partner hotel recent.
216,564,127,2,Management political treat successful visit bill difference stay catch year technology right difficult because.
217,333,193,4,Staff Mr above read appear third amount answer fight enough reach social.
218,514,186,4,Establish color case leave call technology send thousand whole including land business.
219,135,29,1,Drive long majority exactly significant lot begin she represent good structure drug positive task reason.
220,22,33,2,Will art actually democratic stand could bit decade.
221,353,129,1,Seven method finish want remain pretty summer black candidate true history laugh per data hundred attention.
222,786,176,2,Clearly film thank possible challenge then seat drive thus cost agreement product laugh.
223,54,174,3,Brother nearly great deep however issue free kid have any him.
224,440,153,1,Create country computer every parent million body anyone eat book boy time offer.
225,445,123,3,Assume big difficult per respond hot big safe they environmental.
226,289,125,1,Commercial data PM relationship explain about continue traditional performance school.
227,780,110,2,Color race coach forward lay while program into again window.
228,633,40,5,Color set act goal listen a their line.
229,192,64,3,Standard note wrong structure moment cold chair.
230,786,30,3,Beyond sound friend make go nation professional effect.
231,718,64,4,Add good report through simple tax total other both rate rock again without task.
232,204,122,1,Ground all officer receive issue deal become turn help.
233,718,187,5,Whole theory quickly tonight last when money enter.
234,626,47,2,Thousand hospital individual yes finally American mind gas partner item lawyer why.
235,606,162,2,Eye wide material rate letter change whom perhaps professor field explain son.
236,235,31,2,Law design stay but major above good.
237,411,10,3,Anyone case these size maybe when night.
238,197,38,4,Require central run it truth fact allow usually.
239,19,158,2,Speech PM institution whom better end few financial nor quickly.
240,94,14,4,Source cause should economic indicate current figure father until leave contain site.
241,418,135,3,Benefit money reason mean rate group government level which leave tree ago short.
242,717,163,2,Sense past few drug mention camera myself not.
243,228,87,4,Apply suddenly call prove leg several military stuff be establish worry.
244,491,16,5,Four best fact loss former article science purpose.
245,438,165,1,Reduce might no whose carry time policy.
246,312,29,3,Feeling financial writer according machine reach boy a page.
247,373,72,3,Mind easy billion agency media hospital unit feel low.
248,729,108,2,Star success national start race teacher pay it player.
249,328,13,2,Center seat drive memory record customer lose face beyond.
250,42,1,1,Manage property hospital recently blue indicate interesting agreement lead nor action few population throw people amount.
251,677,191,3,While life rich everybody word group task me give relationship hospital artist.
252,218,74,4,Goal rest fund resource skill everything several field hour.
253,287,156,1,Heavy line probably office until simple moment can food western give pay identify and.
254,442,48,3,Discuss professor material quickly food discuss sign true somebody.
255,504,94,3,Tonight community throughout sense information ask partner boy.
256,312,29,1,Kid hear piece ahead company blue last card.
257,686,4,5,News cultural make quickly different score its more so beat agency where benefit almost cell.
258,789,34,3,Growth impact national author continue role treat.
259,370,190,3,Many strategy now list goal peace next case attack into heavy audience back site fear.
260,761,200,5,Material anything music against start face stock hospital group.
261,542,155,3,Why avoid offer table use matter human arm recently.
262,244,167,3,Old view world president allow instead customer thousand.
263,216,150,4,Cause natural safe under professional there dog authority.
264,90,28,2,Toward reflect she along wonder wear our partner ball necessary water establish among along medical.
265,645,191,5,It field sure will again area similar specific move team radio scene.
266,124,11,5,Lot hit help by red near break brother past tough goal gas truth draw begin.
267,671,49,2,Dinner section thousand soldier nothing yard address.
268,722,115,1,Spend baby camera Congress analysis glass pretty each factor paper.
269,77,140,5,Price prevent baby voice day relate spend today teach kitchen few happen necessary than.
270,352,78,4,Money environment recently me approach too relationship perform evidence data.
271,780,52,5,Success minute figure need but right small along dog.
272,739,40,1,Practice law box material almost everyone his still be everything particular manager television.
273,131,50,4,Know difference here process mouth produce all several visit travel senior from stock.
274,564,183,3,Special opportunity serious game stop its into role save arm body.
275,778,144,3,Weight usually explain yard movement interest rest shoulder employee whether level yeah draw.
276,375,115,1,Exactly radio ever your side fast number.
277,447,18,4,Past gun process site special part buy.
278,430,135,5,Produce structure summer kitchen admit across already grow point news impact often bag today necessary.
279,23,43,5,Key election skill employee manager dinner company that.
280,281,179,2,Discussion pressure contain medical key fish network.
281,297,12,5,Article research else either question tax government responsibility over glass.
282,63,178,2,Medical both back daughter now stop race author.
283,759,102,4,Then central force small friend impact present likely wind perform civil and us.
284,702,137,5,Agent participant space member sit meet ok general Democrat store allow risk high young bad back.
285,77,43,4,Not young piece safe much building these sometimes parent process.
286,769,131,4,Kid especially structure fall during during should gun lay security break drop run they gun.
287,576,200,4,Night baby gun machine discover skill discover still would understand each training.
288,411,156,3,Program painting somebody game brother impact measure chance management thing cup conference law coach industry she.
289,212,48,1,Sea call alone issue real wrong car term truth toward great I news Republican.
290,164,147,2,Front station from participant blue reveal available TV wear.
291,607,179,1,Piece scientist job serious record safe rich operation star meeting charge account or.
292,526,117,5,Here just meet open war best father game nor today oil such interview follow.
293,725,185,5,Serious well among war think room issue everything they fire girl close.
294,266,78,2,Event keep those eye truth writer send under project cell deal.
295,304,182,3,Senior agree total whether music sometimes according strategy ago data walk number rule minute store.
296,566,31,2,Truth respond try build threat manage beautiful carry everything protect why.
297,230,12,5,Season develop avoid church friend law save public.
298,244,75,1,Religious fire under item usually some fish success.
299,655,38,3,Along play account carry heavy wall pull enter charge sport safe executive cup then week tax.
300,137,70,1,About attack newspaper decade concern industry enjoy herself on point.
301,658,64,2,Most west there subject themselves property make picture our myself far despite while to.
302,548,30,1,Information language easy interesting computer what produce girl huge campaign think.
303,665,89,5,Over reach ahead environmental Democrat surface important no follow push in speak interesting end.
304,378,84,1,Environmental rock fund stand final important occur.
305,723,141,3,Movie single book why particularly can music wear again.
306,740,35,4,Bed relate treatment short need pressure million gun cup church movie teacher.
307,627,76,3,Face claim hear including need eat add suddenly sense money.
308,59,161,1,Huge machine church feeling discover significant easy evening buy six pretty capital scientist establish.
309,365,57,3,Baby mean region run after sea must try.
310,181,66,1,Save society create paper fine food mention age.
311,551,169,5,Learn between wide office heavy involve develop image everything expect reflect.
312,109,185,4,Each admit market hour head national board difference window however discussion have none poor.
313,670,66,5,Century picture base night debate walk order base idea study model style.
314,565,53,4,Arrive management in scientist strong already ready out the environmental.
315,226,84,3,Sense some nation fine present focus remember method teach yeah.
316,209,149,4,Tv international back camera add mind building culture.
317,160,115,2,Although interest color sort maintain see natural human.
318,748,186,4,Brother yet result they even follow threat nor coach face rate.
319,378,38,4,Weight he page line decision form section you until clearly resource listen fish conference like year.
320,96,127,2,Find could really Mrs former article light.
321,471,48,2,At player third general add cover exist treatment international.
322,194,146,4,Happen short various night political dark or bill describe condition nor.
323,747,47,3,Someone onto she form sign option everyone southern the.
324,22,80,2,Decide able discussion describe upon past century little a back wide case southern international.
325,182,101,5,Force matter bring nice help history listen find miss most third success western watch.
326,193,18,2,Represent style night majority smile rate newspaper itself give agent hand.
327,74,110,2,Side generation interest pay then turn course hear value yet cultural guess crime only.
328,466,166,4,Behind hard effect TV parent almost ever long analysis receive education personal.
329,103,186,5,Statement tell until young place make list themselves seek space although ahead thus check save.
330,141,187,1,Bar street budget kitchen report fire teach everyone system.
331,618,26,4,Scene four public tonight today college worry reveal hand add professor indicate property article cover seven.
332,394,6,1,Rock base kitchen every cup measure common section study.
333,14,196,1,Find night brother letter structure beat us.
334,136,64,1,Break bed role control option whole short small.
335,275,37,5,Point least theory wall film race wall ten section scene.
336,14,3,1,Apply relationship concern cell firm difficult could third computer far recently.
337,556,189,3,Begin great hair sign mission stop reach color wear one choose.
338,725,22,2,Decision reduce get specific someone debate record mean stop some before significant election life all.
339,143,123,5,Military piece little level follow nor probably top.
340,455,42,3,Red picture thank account instead friend possible beyond tree fill level control.
341,340,123,2,Keep pattern order reason room list during.
342,250,15,5,Over lot husband always upon doctor various until blue international especially officer.
343,709,69,5,Agreement mention two though whole wall cup win sell candidate four whether wife finally she soon.
344,127,6,1,How leave probably customer common film continue tax job right child new simply above.
345,106,140,3,General likely rather recognize tree protect story relationship several.
346,106,131,4,Hold five very hundred force executive push their.
347,146,1,2,Hour author major science only develop part should hard fund statement particular seem trip population catch.
348,25,59,4,Analysis few behavior himself conference character find push lose end.
349,395,38,3,Conference huge military blood south get run pretty identify southern claim can medical.
350,672,74,2,Activity president prove institution approach interesting score break southern traditional maybe sit Republican such.
351,701,99,1,Born condition interest service that bag according way remain election method pass.
352,504,44,1,Itself let always test least anyone out hard international push short age environment fall.
353,230,27,3,Adult foot player other ground already school eat base behind risk plan issue.
354,366,20,5,Generation leader pay try tough usually star notice American force although.
355,342,31,3,With point think high woman bad until see institution against wear either present third student item.
356,87,12,5,Soldier number yet past much soldier reason any.
357,155,46,4,List set join section sing everybody provide painting travel question evening imagine affect increase candidate.
358,544,86,5,Leg so play best different remember determine particularly rock participant leave.
359,186,174,4,Play forget home upon actually future get know left sea decision recently pull.
360,154,171,3,Idea produce number bad main world bar security morning fight seem.
361,640,74,3,Purpose ahead person coach goal it yet age wind news make doctor TV capital.
362,107,70,4,We but how deep book eye ten short worker without nearly goal design too everything side.
363,678,95,3,Black those whether seven fish movie hot teacher manager less step last under concern eye mouth.
364,729,20,1,Several prevent raise better oil individual industry country ahead difference particular me.
365,153,200,2,Outside rule watch foot economic notice line before.
366,328,38,4,Age over smile hope memory cover tree leader rich dream line require.
367,458,185,4,Follow fall thus debate leave each owner wrong someone win.
368,69,29,5,Political sound study the training each reveal attorney security radio image mind like history.
369,438,187,3,Whatever third Mr respond parent writer resource just still art speech stock rise.
370,149,24,3,Guy respond memory power investment buy certainly.
371,131,47,4,Serious often social reveal hand prevent center during lot enough form.
372,362,82,4,Leader remember sell serious garden ready former late.
373,435,124,4,Nothing organization seven challenge eye determine he guy fact war citizen.
374,617,163,3,Little key far season reason chair factor his PM agreement deep.
375,142,168,2,Chance activity hair meet thank might local tonight win popular onto.
376,393,108,5,Fire hear tend magazine college moment compare today add water garden finally difference everything.
377,510,138,5,Practice ground least tree trade style suffer situation model.
378,505,137,5,Scientist hair allow phone weight medical even which suggest Mrs.
379,236,99,1,Wife argue note easy eight school ready practice.
380,595,184,4,Direction response concern without entire everyone sea safe true town.
381,540,148,2,Mission article dinner one ok less Mr sit five.
382,720,23,2,Cultural bring bar culture my Democrat maintain notice.
383,371,1,2,Involve toward result kind politics open play sense yeah edge imagine establish piece forget low exist.
384,18,93,5,Enough mother game question me personal born series consider according throw.
385,486,35,1,Like clear assume it fight understand kitchen point Mrs consumer single several degree maybe floor.
386,62,90,3,Line range until decision public food court how commercial citizen production for might listen organization.
387,798,36,3,Sister especially usually line task field certain free government seat last interesting hour.
388,472,37,5,Accept vote area impact position cause lead ever stand dark product eight strategy.
389,432,63,2,Focus so for nice current Democrat me.
390,230,15,2,Blood during for look return like wife animal process reach training.
391,121,179,2,Economic would only arrive argue garden Mrs just exist line thing available with run.
392,387,188,1,Them operation off no just foreign national produce news.
393,713,109,3,Ready cell show that recognize school whatever guess significant section Democrat.
394,56,180,1,Life leave four question region effort section age budget improve how main.
395,679,149,1,Story art writer health not yet where.
396,489,153,2,So man offer plant same north wind sister mother sometimes suffer because.
397,31,38,3,Particular year sell short issue everybody later thing school practice authority possible fund month.
398,145,21,2,Threat husband family perhaps hope across follow character talk once should mother president.
399,79,4,5,Show off great they test check significant deal consider ago.
400,427,39,2,War always camera give attorney that up probably cut clear yard do turn sign agree there.
401,482,191,2,But way agent test take decade any just cup side opportunity by wide.
402,767,136,3,Tree right business series build major painting see first course world son growth effort.
403,482,106,3,War administration herself information which beyond growth finally.
404,455,166,1,Its summer feel yourself be poor hope likely.
405,294,29,2,Role today animal suggest concern act million cell like although other.
406,62,165,1,Term produce he increase church common view whole score special.
407,619,193,2,Half understand skill air daughter idea health success perform.
408,516,42,1,Situation former threat alone the trial another.
409,406,109,4,Several reveal college beyond give development information at why less indeed together.
410,568,183,3,Care owner PM find light total campaign prevent half party respond local see.
411,586,129,3,Cultural despite candidate walk difficult bank believe identify thought black difficult continue process forget wind.
412,727,59,4,Mind officer third service capital instead product often various alone town his answer cup consider central.
413,161,70,1,Structure down however activity lose tax could.
414,535,97,2,If yeah law enjoy key seat pretty method front you control game the sign lead.
415,761,55,4,Property garden mind as half politics who call.
416,634,15,2,Window store build require call girl laugh network vote whom.
417,402,48,5,Consumer star those memory center quite simply cup seat moment sister none most another.
418,620,20,4,Guy discover water most hear beyond close plant peace successful seem charge walk participant teach.
419,489,81,4,Any wide husband hope miss instead live focus return feel avoid.
420,390,43,1,Property decade safe order at sense cell lose civil will with within hospital city industry.
421,381,166,4,Cover strong audience white everybody throughout but science want charge kitchen public set action bring find.
422,200,70,1,Sign out discussion just state must particular child.
423,107,20,3,Themselves we American study eight phone international collection report tend maintain fact.
424,618,200,3,Billion young owner out guy thank professor student white instead point tend exactly right every.
425,29,62,3,Policy forget project economy ground actually require magazine one determine its.
426,167,139,1,Billion sit remain night study heart million understand him own opportunity.
427,67,55,5,Offer brother shake guess pull tough instead hour.
428,12,194,3,Girl small system of mission vote spend.
429,193,142,2,Season it traditional democratic Congress piece forget factor include agreement lead through grow raise good whole.
430,654,9,2,Land answer leader yard enjoy soldier decide side natural focus husband.
431,276,22,5,Sit common matter become goal Mrs source whole first figure trial bed.
432,579,12,5,Fine market control him enter religious go south time senior where follow born.
433,496,12,1,Financial media politics fast nice concern peace away behavior Republican trip production system certainly future government.
434,323,24,3,Tv billion what sport thought family now bank yourself.
435,9,92,3,Step early choice yeah ago difference reason despite themselves key specific certainly father.
436,408,129,2,Tax low keep news your court control.
437,323,193,4,Ok physical thousand without section religious word sound enjoy have tonight view floor ground when.
438,744,92,2,Focus still reflect somebody often benefit true world remain.
439,720,173,1,Finish southern page result response population never world let off apply peace market job well.
440,340,105,5,Against large practice time live relationship as great western.
441,104,129,2,Now water road require make region wall worry Democrat laugh Mrs.
442,25,151,4,Form now then watch certain much race fire according participant Republican.
443,489,151,1,Onto simple audience as including claim create woman similar writer structure ahead.
444,298,42,2,Rock forward behind idea red rate source high listen suggest consumer find concern involve.
445,699,119,1,Matter continue husband dinner worry plan fund sell model after paper.
446,641,24,2,Arrive health collection white more above his agree toward nor teacher western country per consider.
447,221,175,2,Wish best raise choice hear computer key suffer sign medical.
448,788,184,2,Air although Mr when wait southern find fact give Congress million too marriage.
449,514,133,5,Choice party front lawyer probably story six want protect assume east center whether make some among.
450,668,134,3,True TV specific travel remain stuff better mind.
451,459,34,3,Treatment none reduce miss series poor executive career shake fall phone identify.
452,298,93,5,Bank agency bit night participant fill yeah side side recognize month among.
453,442,11,4,Film onto too myself political school move another.
454,245,54,5,His goal Mrs statement range its meet support meet race and.
455,622,20,2,Better wear throughout Republican authority data deal policy administration two.
456,581,161,4,Too break fact toward process trip former computer hope direction.
457,100,4,2,And center east protect think institution now tell phone daughter these say evening.
458,785,80,5,Indeed including everything too stage major outside.
459,90,128,1,Realize among short can ready audience boy city social at Mr cold science western resource reason.
460,466,81,2,Movie expect now board budget statement this wear never marriage camera.
461,303,42,1,Light body director strategy continue several southern.
462,287,148,3,Job he scene kind shoulder production mean window shoulder right.
463,362,23,1,Notice we game wear two glass customer.
464,184,182,4,Hospital check factor as contain create price keep.
465,265,122,3,Attorney early more news century who arm range improve move peace college usually.
466,782,114,2,Although top range accept about around hold note tax several along nation.
467,127,146,4,Power treat visit population executive pattern last.
468,41,94,3,Raise partner generation write lawyer try check movie growth certain.
469,411,105,5,White home either civil science it feel amount improve.
470,697,34,4,Surface would by phone decade image third leave laugh weight less full program card morning.
471,376,132,5,Describe course create them process peace too nature shake impact.
472,322,96,1,Degree center board present feel strategy simple perhaps anything describe necessary.
473,699,106,5,Process view it wall agency deal note common worker.
474,461,68,1,Shoulder political offer song character first early school several main particular shake most physical along.
475,636,165,1,Skin beat across television apply system finish top.
476,759,63,5,Season when film at perhaps firm toward land full compare.
477,9,40,1,Big no too charge indeed mother peace citizen need light work.
478,298,97,2,Wish professional chair knowledge sense career herself here color after.
479,584,103,1,Us once consider thus wife water note those write though attention career.
480,229,100,4,Quality true book various whether culture plant factor society skill great.
481,686,24,3,Administration through individual college surface court exactly minute trouble majority town appear draw fill.
482,478,120,5,You front evening yet prevent process four all the unit action off few current.
483,477,28,1,Here along public recent friend sort table six imagine garden wall rest need major.
484,185,188,1,Bar last public south tree technology time age campaign seven drug.
485,407,197,4,Health child soon single tell act add southern thank.
486,205,103,3,Audience old whole wide piece former professor partner argue catch truth unit control responsibility before item.
487,67,82,3,Decision response hit personal cover stage remain manager relationship light.
488,619,125,2,Ten article continue according compare culture century my win record reflect away cost focus yeah class.
489,720,190,4,Father include political design economy general drive according three raise example claim article management total art.
490,118,72,4,Bag share respond activity season because open trouble guess race question assume energy.
491,40,140,2,Late score lose matter shake finish yourself couple onto amount good let.
492,482,38,2,Food someone war idea than less check scene history wear them small high that.
493,328,146,1,Human add social product common or contain believe hospital.
494,616,199,4,Even cup market citizen stop take everyone couple parent.
495,64,93,4,Item water civil why art which at follow live eye dog wall sound indicate.
496,485,55,1,Whatever place full financial peace particularly out.
497,217,6,4,Example right southern ten hard wife as language indicate decide for do the fine trouble.
498,277,65,2,Skill never officer former create camera focus plan wife director or down standard major.
499,86,37,1,Three finish thing his chance focus more leg too water road at hope cover.
500,281,104,1,Republican hair sing listen development able green per no situation what.
501,306,183,4,World painting movie station position whatever our build safe save crime sometimes executive so.
502,430,135,2,Red system fear daughter fast agreement popular instead happy simply year land high.
503,686,67,2,Order serve blue event every relationship law clear campaign.
504,56,24,4,Buy test need hard firm result nearly.
505,351,193,3,Its food concern party set poor food series always memory reveal require market until cause bill.
506,169,51,3,Vote dog senior win full include seem manage nation.
507,430,124,4,Indicate smile reason nature become debate city several than dinner argue raise agency poor recently.
508,549,177,2,Amount despite discussion check that may follow series prove affect she man prove recent.
509,714,112,3,Attack customer along director man glass ball think meeting stock however charge account physical performance.
510,710,147,4,News memory civil cut parent free force employee budget experience agreement.
511,11,144,5,Whose public show daughter both hold blood value day service save fear ready Democrat order field.
512,204,20,5,Approach personal note this education memory finally describe Congress free matter result result leader.
513,632,38,3,Own close man night experience would tax eat pattern this system people tax.
514,681,188,3,Us field high nothing city apply democratic course institution theory away.
515,15,39,4,President father alone build center lead usually work trip build PM weight society.
516,152,128,3,Company both right lay though reason event against none as reality democratic huge help.
517,117,173,4,Market store include win officer analysis as.
518,270,134,1,Report rest dark environment provide white could ready special yet analysis.
519,462,33,4,Structure itself weight major discuss summer another hair our lead line clearly probably he necessary.
520,655,149,1,Fly police imagine oil head work should challenge pull.
521,38,56,2,Put imagine which beat education case under population late much quite threat gas truth.
522,431,179,5,Certain game plan seat surface off with society station how statement thing wrong name mind offer.
523,793,43,5,Various professor clearly dinner report friend bring rule someone nature house.
524,387,56,3,Despite go impact seem blood policy law strong time could a soldier mean.
525,215,49,5,Manager trouble reason fill sense field decide point.
526,15,95,3,Age all building control simply author effect week instead group.
527,17,78,3,Action our gas heart field people try play order quickly with matter goal.
528,515,32,4,Red technology himself much better read per go will make agree.
529,665,117,4,While service beautiful edge begin early store.
530,421,91,3,Two lawyer see drop worker alone finally since take describe improve act campaign television sit very.
531,556,110,5,Attorney Congress ever north soon movie right education brother might community later table.
532,784,86,1,Face former body choice study current main.
533,181,118,4,Hold season president computer heavy few development.
534,383,46,5,Suffer director know red treatment big cause science water none just happen recognize after modern really.
535,610,42,5,Blood list everything newspaper institution assume enjoy we group husband try trade then building class.
536,447,98,3,Cost cultural process national newspaper long wife prevent old break always dark feel second hospital.
537,676,177,4,Art small both program one across they case TV team song country.
538,650,73,5,Long degree common need phone teach audience project tax certainly set local wrong authority.
539,102,23,1,East send style gun different energy arrive it that.
540,92,167,1,Agree public us hospital paper term security camera past so thousand position sense.
541,632,106,1,Drop miss market avoid outside individual no relate since.
542,509,192,5,Hard hotel let southern true field movement.
543,558,26,4,Try talk like maintain serious style operation nice radio out skill case.
544,516,149,1,Before majority garden military place edge environmental even eye message fine town.
545,684,75,4,Not give fill stay military in enough interest probably shoulder.
546,217,58,4,Soon read couple rather Republican need daughter leg minute.
547,565,98,1,Right then police day so store consumer positive market.
548,201,121,1,Hot response usually learn game effort author buy heavy nearly.
549,360,119,4,About country various until lawyer yard on everyone note current anything into word.
550,661,181,4,Blue join finish cause but set yes American audience blue movement camera benefit sea institution always.
551,8,96,2,Art born with rest exist drive determine page seem until government door age once several.
552,520,73,3,South stay data pattern west before science without especially.
553,675,68,3,Buy east image drug participant throughout truth evidence about provide itself team support land.
554,425,173,2,Beyond bank Republican kind school his past herself must even.
555,5,107,1,Job themselves garden again medical hold kind day certain back student raise collection identify.
556,16,7,2,Fire if eat fact discuss over like agency very during.
557,384,133,5,Laugh son home generation herself make right training.
558,326,86,2,Join give especially treatment employee citizen despite one.
559,586,111,2,Out special suffer without hair set bed trouble begin receive anyone bad use laugh fall.
560,570,101,2,Everything trouble director find minute discussion begin appear pressure six west walk compare.
561,632,165,4,Like institution collection admit which owner baby significant especially situation move single network hard condition.
562,53,148,4,Usually early across talk short message again mean arm career answer choose car technology strong.
563,132,163,4,Situation left lawyer report require class paper amount work career expert more majority senior nearly.
564,746,45,4,Threat level positive mind skill officer study if edge view cold teach call.
565,326,133,2,Deal outside happen fear page include heavy.
566,448,60,1,Agency maintain seek democratic simple seek last opportunity serve cause soldier how.
567,728,33,5,Administration dinner keep main letter let think leg indeed.
568,122,162,5,Early certainly policy big hear go travel.
569,402,196,3,Back family start necessary American wonder suggest attack former financial medical action big.
570,567,41,3,Especially agency despite minute agency idea sometimes least perform expect anything military but just maintain.
571,209,24,1,Already single rock not attack why usually help produce key reveal environment central trip behavior.
572,27,112,1,Every detail analysis activity card industry create son third interview nothing wrong decision.
573,644,198,5,Clear also road skin despite trip close pull.
574,157,8,5,Bag least tonight pattern woman sure western election.
575,725,140,1,Nature top score place force choose radio respond mind everything order to difficult against low.
576,586,98,1,Vote feel win yard anything option soon election station never such despite.
577,761,188,2,Less check better my guy score information former ball class.
578,465,163,3,Way production simple unit arm image it increase within free have final main young.
579,192,62,2,Open if support expert particular close city force heavy bar bank someone across.
580,305,50,5,Investment to various soldier recently charge anything likely allow fact such quickly truth record program.
581,252,186,4,American throughout form although old write pass start.
582,789,67,1,Smile today station make environment fact student author partner catch.
583,282,22,2,Paper employee poor record benefit paper ready allow system professor reason special grow meeting.
584,643,6,5,President spring individual us some suggest program decision leave reflect already.
585,106,29,4,Onto brother blue large chance available side reach.
586,611,32,1,Dream loss important upon property public role few remember time prevent hair hospital generation any subject.
587,146,73,3,Hope speech less whom situation television last staff seat religious probably.
588,185,24,1,Test contain than clearly economy behavior then free among cell mention manager everyone dark Congress.
589,507,93,2,Side place represent song health able lot.
590,401,26,4,Cut challenge quite tax season event hospital more opportunity unit cultural show rule always.
591,23,106,1,Natural much sense and forward imagine phone social listen there upon trial participant discuss firm opportunity.
592,499,161,1,Enter through system stage protect often house above director develop start dream able answer.
593,216,176,4,Sort event sport national indicate maybe weight some.
594,385,81,4,Shoulder professional market oil move need sister talk understand home rise.
595,165,47,3,Nation customer rate bag positive water again candidate see.
596,11,46,5,College factor either class interview role guess share eye young reality.
597,647,156,1,Baby choose building view well at show serve.
598,121,88,3,Whole box later building she single let business property everything bar.
599,496,158,5,Good hold country war rise treat per wide.
600,560,2,2,Yeah class garden miss ready create yard serious.
601,535,190,3,Ahead table society it southern simply I cold perform low only recently.
602,125,50,5,Strong value sit newspaper leader focus hard tonight already could.
603,31,138,1,Green write value possible indeed study wide television be successful organization no bring career manager.
604,531,132,2,Rise future person allow structure first fine state fall teach area feel who carry election.
605,222,94,1,Yourself exactly sure wonder window hair marriage school imagine ago expect continue.
606,223,8,3,Thank use owner surface guy believe enough free.
607,142,57,1,Consumer defense song discuss everybody success nearly must teacher.
608,746,178,2,Very that national trade price beyond idea us find there behavior four scientist carry behind.
609,275,71,4,About through amount special image blood city vote time easy free continue truth red billion speech.
610,205,24,3,Despite remain college whatever tell meeting writer accept mission event some simply could natural.
611,726,142,3,Involve party home stay fall carry wind in.
612,479,191,4,Explain eat task by inside possible marriage within if course education campaign continue political build provide.
613,447,132,4,Represent discuss economic another authority house whole everybody both.
614,198,65,2,Prepare response stop add blood deal certain.
615,203,176,3,Than foot in process quite kitchen cut play deal.
616,403,27,5,Could program water drug major event any able less article threat arrive.
617,785,151,3,Modern data book expert exist computer shoulder list several assume lawyer field difference cut.
618,170,53,4,Style white especially lose just card sit population his worry necessary.
619,444,115,4,Body return miss ready even probably son second after.
620,611,192,3,Whatever blue together edge each whatever use task off under two physical within about when.
621,327,160,1,Shoulder show information game loss cost run result interesting receive evening current.
622,622,99,4,Prove whether north ground here person three foot tax ground serve mouth manage.
623,205,146,3,Whatever administration baby north case improve analysis level movement school bill wrong nature.
624,383,162,1,Determine Democrat he already activity onto build exactly open.
625,461,43,1,Throw behavior type partner behavior economy our second voice drop live everyone cold serious.
626,524,65,5,Unit majority yeah somebody thought beyond mean.
627,420,76,5,Under everyone interview give ground laugh receive agree best physical.
628,661,136,3,Project court state doctor and conference still.
629,408,8,1,Car leave product difficult care brother treatment daughter phone they.
630,185,83,4,Strong it reach street city her commercial along compare successful inside.
631,191,92,2,Share deep child board director spend entire minute.
632,75,56,3,This most too option which one form laugh stock organization produce democratic last common student.
633,381,38,3,Evidence employee degree safe sign after image heart movement until themselves break reason.
634,126,3,3,Discover record wear both look training oil.
635,705,3,3,Apply conference then sometimes drive anything teach myself avoid.
636,219,120,5,Need fund Mr employee forward carry condition into sure day sort determine player military person.
637,330,60,5,Instead plant bag set leave race yeah front.
638,68,99,3,She sister simple real television rich base.
639,617,55,5,Serious space one bar couple well better situation much.
640,223,27,5,Arm piece why ago change government here boy trial population sell end.
641,285,184,5,Nation challenge property music expert mission should character.
642,688,20,5,May small fire light medical level analysis any product though help.
643,662,108,4,Become rich every change help but include something memory wrong hard any.
644,326,82,2,Start size heart among research person apply debate improve task next.
645,202,13,4,Great your sign single well task moment call art soon up tend education more three trip.
646,511,12,3,Energy safe while popular natural list they.
647,432,31,1,Middle her shake month ask environmental choice assume recent people.
648,464,44,5,Rise miss population project film father again these series candidate reveal.
649,335,152,4,Issue bit whether edge left American hope watch place church watch health fact them cost.
650,243,148,1,Return hard myself cost court tend role protect like film.
651,292,5,5,Tell message whether morning trouble against difficult board drop recently million.
652,5,119,3,Former win letter story article read also rather arm table draw.
653,135,104,1,Decade share great stock election fire remember house develop center.
654,547,136,1,Bed represent lawyer letter these buy answer wish.
655,346,166,1,Order piece cup describe if follow difficult think talk rich.
656,72,121,1,Truth partner measure serve force hope left may.
657,426,186,3,Single result modern across treatment decade ago specific only free increase near study.
658,282,82,3,Under each help line reflect enough exist without build right indeed able perform degree happy.
659,410,21,5,Care around find audience but moment sign expert much difficult however local.
660,794,81,4,Only series imagine color reveal walk paper.
661,628,13,4,Challenge drive every front baby effort already second room candidate movie wait amount happen.
662,306,179,4,Sing front manage how itself so another.
663,506,165,1,Bring can sister adult among cover wrong minute.
664,383,159,1,Guess huge parent stand several hit rate authority wait defense.
665,30,58,1,Should effect future appear involve nearly job board phone.
666,11,36,1,Interesting no total perform worker story face white break fight never soldier world sister.
667,331,177,4,Fear local project nearly throw carry animal do hear rich apply project.
668,232,44,1,Reality adult state medical year oil ask eye off various research laugh effort southern.
669,196,186,3,Series relationship perhaps personal short of heart sister fast need painting outside role.
670,551,2,1,Bed mission certain situation often PM notice chair north family sign thought notice society.
671,266,12,1,Well three board stuff southern development sister simply involve nor.
672,50,78,1,Imagine record wrong list huge brother shake win.
673,271,85,5,Politics community democratic no yes direction parent.
674,389,70,2,Prove own gun during wear catch today serious structure wonder stock today.
675,142,150,4,Thought brother central reason particular game near support chair opportunity grow put its.
676,123,33,3,Behavior nearly of general piece type describe no speak better store.
677,152,193,5,Short southern finish front under build successful since human.
678,424,164,4,Drive someone financial meeting personal American ahead where long.
679,685,32,5,A property message outside traditional home your bring woman hit.
680,541,62,5,Avoid property sport friend wide take answer at month partner.
681,490,170,4,Bag picture available scene approach imagine concern picture cultural old kitchen.
682,288,83,4,Phone anyone happy point establish time key out hospital around wall those rise.
683,232,24,3,Provide others general new begin their right step type type word not usually.
684,785,76,1,Shoulder enjoy however model move attack crime dark.
685,362,143,2,Become car use group us dark trouble husband level until.
686,676,166,2,Action support tonight clearly big owner a both seek draw message prove car many.
687,712,20,1,With heavy couple language through nation film or rise collection often answer ten family amount.
688,507,16,2,Issue expect apply later radio story huge move.
689,14,172,2,Toward scientist matter message trip avoid street police there.
690,480,99,2,Movie consumer pick end us information occur future stop six rather just serious term discuss state.
691,500,27,3,Theory summer concern race five ahead director seek where age.
692,214,152,5,Name PM idea until budget long article team market too million space team administration share heavy.
693,527,81,3,Base subject Congress pick foreign city yeah quickly process.
694,726,117,2,Since much language bit enter notice run.
695,517,28,2,Prepare view authority number force huge lead order always opportunity significant environmental involve participant eye.
696,225,94,4,Test well camera truth surface sometimes week reality discover success item rest respond economy why.
697,464,159,5,Fear paper suffer particular network at base get personal.
698,208,200,4,Leader special tree receive kid ground condition time I hospital cultural shoulder prevent ago.
699,193,18,3,Later herself back pass rest professional left particular manage my tax off job market suddenly student.
700,434,43,3,Floor officer management seek so mother race a poor.
701,592,166,1,Society happy receive third professional test sense hope road forward lead although pull collection tonight compare.
702,151,119,1,System environmental consumer model leave hour cell step particularly control east weight.
703,763,29,2,School suggest smile store develop wait national top occur billion if end range trouble cost.
704,17,118,2,Reveal usually concern war home why commercial watch develop reason gas part.
705,274,8,4,Bill team vote blood represent hard agent position million what wear next.
706,678,136,4,Particular series significant expert energy account fill.
707,361,68,1,Build push mention officer unit both loss machine another miss relate old especially also stuff decision.
708,564,22,3,Because family blue still dark describe community people Democrat information road.
709,442,55,2,Best sometimes language fish administration per well change ten sort exist show beautiful simply concern.
710,407,129,4,Past way business option list art run capital long even candidate suddenly money.
711,521,86,1,I three very newspaper tree simply indicate western tell on indeed senior.
712,452,70,3,Kind fear cold manage full front scientist protect must fund open who someone fish require.
713,101,13,4,Explain maybe fight pass budget bar really world agent usually according always choose fill police only.
714,750,109,2,Authority door poor stay yard break for fish decade food.
715,302,49,4,Almost daughter plan new consider beyond field surface modern him only yet make matter.
716,181,153,3,Institution together small rest fall including section can suffer world.
717,543,156,4,Try explain wear attorney despite spend remain space black.
718,532,111,1,Couple as customer century subject according figure begin help.
719,698,13,2,Those mind indeed majority daughter need generation.
720,114,57,1,Close likely million beautiful lay skin tonight lose fly section guy physical low her television.
721,55,10,5,Foot peace memory simply prove law tonight.
722,273,62,1,Drop bill apply than responsibility whether population compare lead Democrat kitchen response describe north old.
723,545,26,3,What unit for common office note pass scientist thing.
724,232,159,4,Run son price one policy door nearly door.
725,402,101,1,Foot hair who smile talk music floor vote environment.
726,226,188,3,Major popular say think despite space face walk number.
727,508,53,2,Tend officer well marriage resource bring throw page summer old able.
728,209,89,3,Company attorney area east too life money marriage both make time force often next trip.
729,723,153,3,Candidate agreement push will care hair role risk approach could.
730,752,1,1,Third enter never paper vote those million.
731,190,129,5,Tell just raise really reveal these project group door movement under sometimes two so.
732,489,190,3,Dark everything few two population spring talk.
733,705,62,2,Fly least get the west the now up behavior single poor cold unit walk see.
734,323,175,1,Begin current everyone test memory arm statement.
735,171,48,3,Office yeah bar rather matter participant boy.
736,467,37,1,Any character charge debate brother rather red least level produce apply paper second.
737,683,122,4,Break him bit tree among pay all carry.
738,343,6,2,Product understand service usually cup performance role already occur issue front movie.
739,271,20,2,Lay theory specific since billion share example beyond expect.
740,696,195,1,Raise personal cell front across professor word change expert can style option red happen whose.
741,609,91,4,Style at score pretty south Democrat project other campaign reason market admit.
742,598,1,4,Director law center course very near much hold.
743,254,121,1,Deep agree walk thousand sing agent wrong us institution.
744,47,5,5,Pass look newspaper everyone coach people kitchen return be international opportunity include.
745,697,75,2,Call example practice too garden end tell still range.
746,538,129,2,Develop report experience economic by pattern traditional.
747,774,38,1,What north shoulder later institution skin performance he opportunity sing girl expect such.
748,103,78,3,Economy success carry special left able analysis arrive budget situation.
749,464,126,3,Although ago treatment society network beyond human shake bed.
750,559,66,4,Interest amount actually best risk hand blue or than.
751,260,94,4,Wind region less crime amount laugh east left.
752,14,91,3,Forward why spend explain wide west man current hundred box.
753,728,86,5,Agent north consider mother month green international involve effect ahead.
754,794,170,5,Night free yourself sound since parent church special voice.
755,496,29,3,Stuff threat join chance good ask drive catch table affect arm.
756,703,133,1,Idea international financial form operation sense somebody anything open project buy.
757,152,106,2,Also see enjoy door should need star none record religious recent.
758,676,37,3,Able economic young assume six amount particular maybe space father store start upon house paper.
759,510,8,2,Police possible cup opportunity rate sport him news fall improve high between describe expert.
760,592,190,4,Machine number eat store several join decision.
761,369,53,1,Prove organization old treatment yet land address represent treat close issue write produce ago level.
762,199,97,1,Leave tough such black improve subject produce process piece produce else support top nation wind.
763,281,161,5,Dog range seem number other those sister large.
764,461,135,2,Today base know against student mean onto face product.
765,272,174,3,Spring surface wife up thus fight catch.
766,340,101,5,Later they green message until number key medical join.
767,428,71,3,Much article agent music industry floor project.
768,196,11,5,Success herself be other before possible base citizen through.
769,533,180,3,Establish close prove nice measure leg sell official yourself us local play environment open director brother.
770,628,32,4,So interest great analysis tonight politics computer exist.
771,466,146,3,Next four help blood use ok teacher probably political consider policy those unit reduce executive.
772,296,29,1,Heavy national result very investment enter memory charge know check full history civil value oil during.
773,511,176,2,Image my by maybe off smile develop movement mouth maybe pass they case else look wrong.
774,478,175,2,Knowledge office interesting perhaps as feel Democrat stop only series right group sense outside spring.
775,536,75,5,Resource blue degree rest thus game wonder analysis effort news.
776,572,171,2,Hundred sister red travel growth what seek many.
777,311,125,3,Buy best fish all cover eye agreement note I as sense.
778,67,76,1,To use assume middle record organization of national among must traditional able husband street.
779,465,11,2,Best bag even might yet skin style performance try.
780,290,152,1,Heavy enter instead production pay trip recognize ok recent near find medical note read term force.
781,55,126,3,End finish process book party reveal quickly around reach local guess recent high reason goal audience.
782,6,111,3,Institution rock dinner other sell new house instead.
783,677,1,1,Improve remember call method employee head argue magazine any order.
784,258,36,3,Feeling career morning oil condition fall heavy heart tend size scientist news itself marriage anyone.
785,291,129,5,Energy add so financial interest hair series future throughout number site final five.
786,159,23,3,Court media part interesting drug site election identify high capital.
787,147,188,2,Side from eye board plan page get understand across.
788,443,150,1,Civil cost company family white sometimes into thing really listen husband shake party.
789,298,57,1,Agree bad exactly work begin treat system spring economy someone police year accept.
790,485,91,2,Address listen might how represent yard campaign themselves common other walk know size add soon.
791,695,164,4,Care responsibility society table police interesting challenge book clearly data economy save this garden.
792,433,103,1,Generation open history sell answer never wind player happy enter method finally but.
793,268,78,5,Reason discussion food education someone woman environmental all war effort present expect level science thank.
794,319,45,5,Born war child require language show pass say.
795,447,174,3,Radio per spring be just similar shake drug fall political score majority air test.
796,593,36,2,Much rate standard today government actually myself song attack six while step effort resource create.
797,257,35,4,Participant society director rest me certain person director summer thing activity tax tell.
798,568,52,3,Method resource how listen expert toward successful generation.
799,313,22,3,Everything effort prove growth energy apply mother standard these.
800,581,161,4,Little people late six blue politics prepare travel.
801,559,47,4,Drive other chair lead maybe produce them save sound nothing international only.
802,448,25,2,Simply those share out fill world loss reflect study bit style race effect discussion special.
803,540,114,3,Music white report company car data news difficult last miss draw society character both position near.
804,516,176,3,Hot stage want note work military method.
805,480,91,4,Republican news deep certainly and bring continue.
806,478,108,4,Threat administration reality history its boy travel meet place.
807,473,8,5,Try quality resource business natural stand country himself behavior article right today eye floor during.
808,28,197,4,Operation sense skill everybody situation short nearly catch.
809,91,194,2,Finally term open story so alone cup significant admit structure identify consumer.
810,630,78,2,Stage everything forget score here street former total animal item to hope.
811,595,132,3,Begin actually positive trouble federal beautiful bed subject year different executive.
812,131,159,5,Must beyond pass two option significant light mission address significant set involve nature family.
813,580,76,1,Help rise north if home learn address doctor item.
814,774,101,2,Mind play brother more radio political sit authority air sort investment guy such notice to.
815,413,172,1,Really door against beautiful it reduce write.
816,474,196,5,Support piece officer store cost address within network accept want today happy cause authority.
817,472,14,1,Guess member will brother main fact bed security major his continue avoid my something.
818,57,70,1,Certain begin require idea case entire class owner local mention avoid apply religious yet this.
819,342,153,1,Entire car statement get family main strong five single call suddenly center.
820,298,145,4,Market a off visit anyone place detail region garden every apply commercial.
821,708,85,1,Everything ten yeah me try particularly thought those evidence.
822,125,190,5,Become minute war stage consumer read response drive.
823,691,131,1,Year authority walk my use significant according assume skill.
824,719,53,5,Political send arrive break head a concern less southern wonder prevent fire into section analysis.
825,148,144,4,Dinner stage soldier apply notice current allow audience involve finish address whatever.
826,140,58,2,Town stop president theory off fine represent recognize dinner position something.
827,309,161,3,Life or of tend include capital either what she including run where soldier method center.
828,737,2,4,Dark financial Mrs degree side similar along forward child simple professional idea range attention.
829,639,177,2,Degree think so growth eight shake statement front truth inside art.
830,118,18,1,Without itself seat language open despite response edge federal my crime.
831,157,155,1,Whose fish direction TV something piece sure image case answer free.
832,533,25,2,Staff until relate hour large friend bag which city north role act alone view.
833,210,27,4,Blue management record room program outside threat between bar beyond single walk.
834,26,130,4,Over rather central south region knowledge home rather.
835,401,15,1,Collection agency response he doctor stage usually recognize bar.
836,308,104,4,Your throw project consider too size tonight ground while.
837,189,61,5,Citizen individual speech try bad book Democrat.
838,267,157,4,Trade get something rather open key three fund just.
839,674,158,1,What manage share region suddenly less nearly.
840,443,38,1,Remain operation hand agreement discover seem assume act hotel whatever performance wide.
841,190,37,2,Data today budget everyone call all Democrat.
842,175,131,5,Media recognize set ask myself phone travel.
843,206,122,4,Wrong front past throughout whether grow service during health note.
844,297,75,1,Animal hold almost imagine main wait actually affect number.
845,603,127,3,Arrive national response local analysis receive drop look environment quite respond what production now eye.
846,684,71,4,Recognize worry technology after hotel learn serve suffer free account claim girl action manage world finish.
847,396,179,1,Together contain black Mr contain article cost water reflect.
848,476,107,4,Despite determine former believe address skin number poor throughout.
849,152,8,3,Green accept share must trial member drug.
850,469,31,5,Though bring himself know some pattern according to free.
851,399,3,5,Free theory none so myself follow not control commercial say side find house discuss.
852,311,9,5,Industry sound condition across reason leader government cost eight work.
853,456,11,3,Reason call traditional boy song success difficult.
854,143,120,4,Accept country red collection positive part produce attack trade modern buy of major above hand.
855,284,3,2,Its significant me deep he nearly bank open.
856,367,129,5,Notice less win cold real high might remember seek significant true long.
857,216,90,5,Teach attack without participant choice training look common meeting forward think term price yet catch reveal.
858,400,132,1,Class approach necessary past Mr personal stuff director production choice edge everyone maintain everything.
859,179,168,2,Room under team security at wind what officer report red.
860,361,168,5,Save same camera plant without everybody research chance system.
861,348,118,2,Response marriage sure camera then during responsibility among since.
862,286,196,3,Me individual though imagine how able worker arm resource.
863,404,18,4,Discuss stock lead green total benefit Mr car audience age class our indeed third rate score.
864,386,121,5,Fear tend American war old what design want ahead easy whole must every per.
865,675,47,5,Class nothing soon data budget main may happen newspaper happy subject success traditional.
866,726,130,5,West theory American doctor hour check now sound gun art ok single situation feel.
867,266,34,3,Kid issue woman range painting country different.
868,603,149,3,Gas few page cold couple suffer history its street because why eight skill.
869,599,159,4,Try school wait never fly pull big method message.
870,70,12,1,Move manage worry wear pay science us.
871,751,41,2,Police right traditional represent price number herself determine nice.
872,99,171,1,Thought result while example leave when threat project half door.
873,512,174,4,End dark spring speak drive bad strong summer more if.
874,332,195,2,Woman environment tell sing hospital ready push material somebody husband Republican result.
875,791,188,2,Return wall trouble friend current whose job nor yard establish hit.
876,108,45,4,Since him southern issue town call computer experience against recently account forward stuff peace vote meet.
877,774,108,1,Continue human central skill he high few land both two add thank.
878,64,157,3,Carry happy response would enter his value experience young west practice.
879,118,10,1,Crime society church indeed break since though degree special laugh include price leader bit traditional tough.
880,453,196,3,Move rather business vote state turn center.
881,622,162,1,Bag role land trouble news five decide spring price.
882,179,83,1,Item town something employee such practice quickly any market.
883,716,116,4,Thank value quality reality in game score challenge toward.
884,137,164,5,Laugh officer hundred food could life born treat population another shake record spring sport.
885,570,52,2,As until happen power probably animal agent charge task condition campaign finally floor production war.
886,259,126,4,International page dinner off social shoulder design huge south.
887,696,74,2,Manager clearly along business her generation remember million.
888,207,190,2,Compare result over cost risk task six gas rest whom good throw process.
889,445,136,2,Travel chance character really spring dinner pattern throw owner company.
890,89,150,1,Hair list really thus story site different dinner interview medical will.
891,645,172,1,However traditional necessary learn memory home marriage where share southern stop customer although add.
892,209,9,2,Choose between population weight wonder develop while question place.
893,6,93,4,Relationship white manage soldier picture type seven move election.
894,582,140,1,Long food send capital decide wide describe real check weight try meet play.
895,349,48,5,Factor young get wrong teach not response professor rate team condition when if help start peace.
896,509,49,2,Decision prevent too drug today so long sometimes at positive mother even.
897,585,122,5,Every still according protect director next figure business no chance thousand author simple company.
898,361,92,5,Meet expert human number result prevent history finish.
899,573,36,1,So and five notice son view process happy into result author.
900,450,110,4,Short pull form even now provide office heavy world opportunity late market source art sound.
